-- phpMyAdmin SQL Dump
-- version 5.2.0
-- https://www.phpmyadmin.net/
--
-- Host: 127.0.0.1
-- Generation Time: Jun 19, 2022 at 07:23 PM
-- Server version: 10.4.24-MariaDB
-- PHP Version: 7.4.29

SET SQL_MODE = "NO_AUTO_VALUE_ON_ZERO";
START TRANSACTION;
SET time_zone = "+00:00";


/*!40101 SET @OLD_CHARACTER_SET_CLIENT=@@CHARACTER_SET_CLIENT */;
/*!40101 SET @OLD_CHARACTER_SET_RESULTS=@@CHARACTER_SET_RESULTS */;
/*!40101 SET @OLD_COLLATION_CONNECTION=@@COLLATION_CONNECTION */;
/*!40101 SET NAMES utf8mb4 */;

--
-- Database: `loginsystem`
--

-- --------------------------------------------------------

--
-- Table structure for table `chapters`
--

CREATE TABLE `chapters` (
  `id` int(11) NOT NULL,
  `id_chapter` int(11) NOT NULL,
  `page` varchar(255) NOT NULL,
  `name_paragraph` varchar(255) NOT NULL,
  `description` longtext NOT NULL,
  `name` varchar(255) NOT NULL
) ENGINE=InnoDB DEFAULT CHARSET=utf8;

--
-- Dumping data for table `chapters`
--

INSERT INTO `chapters` (`id`, `id_chapter`, `page`, `name_paragraph`, `description`, `name`) VALUES
(1, 1, 'pages/index.php', 'Що таке об&#39єктно-орієнтоване програмування (ООП)?', '<p>Об&#39;єктно-орієнтоване програмування, зазвичай зване ООП - це підхід, який допомагає розробляти складні програми таким чином, щоб вони легко підтримувалися і масштабувалися протягом тривалого часу. У світі ООП реальні поняття <code>Person</code>, <code>Car</code> чи <code>Animal</code> розглядаються як об&#39;єкти. В об&#39;єктно-орієнтованому програмуванні ви взаємодієте з вашою програмою, використовуючи об&#39;єкти. Це відрізняється від процедурного програмування, коли ви, насамперед, взаємодієте з функціями та глобальними змінними.</p>\r\n\r\n<p>В ООП існує поняття <strong>&laquo;class&raquo;</strong>, що використовується для моделювання або зіставлення реального поняття з шаблоном даних <strong>(властивостей)</strong> та функціональних можливостей <strong>(методів)</strong>. <strong>&laquo;Object&raquo;</strong> - це екземпляр класу, і ви можете створити кілька екземплярів одного й того самого класу. Наприклад, існує один клас <code>Person</code>, але багато об&#39;єктів person можуть бути екземплярами цього класу - <code>dan</code>, <code>zainab</code>, <code>hector</code> і т.д.</p>\r\n\r\n<p>Наприклад, для класу Person можуть бути <code>name</code>, <code>age</code> та <code>phoneNumber</code>. Тоді кожен об&#39;єкт person для цих властивостей будуть свої значення.</p>\r\n\r\n<p>Ви також можете визначити в класі методи, які дозволяють маніпулювати значеннями властивостей об&#39;єкта та виконувати операції над об&#39;єктами. Як приклад ви можете визначити метод <code>save</code>, що зберігає інформацію про об&#39;єкт у базі даних.</p>\r\n', 'Головна'),
(2, 2, 'pages/i_1.php', 'Що таке клас PHP?', '<p>Клас - це шаблон, який представляє реальне поняття та визначає властивості та методи даного поняття. У цьому розділі обговоримо базову анатомію типового класу PHP.</p>\r\n\r\n<p>Найкращий спосіб зрозуміти нові концепції &ndash; показати це на прикладі. Отже, розглянемо в коді клас <code>Employee</code>, який представляє об&#39;єкт службовця.</p>\r\n\r\n<pre>\r\n<code class=\"language-php\">&lt;?php\r\nclass Employee\r\n{\r\n  private $first_name;\r\n  private $last_name;\r\n  private $age;\r\n  \r\n  public function __construct($first_name, $last_name, $age)\r\n  {\r\n    $this-&gt;first_name = $first_name;\r\n    $this-&gt;last_name = $last_name;\r\n    $this-&gt;age = $age;\r\n  }\r\n \r\n  public function getFirstName()\r\n  {\r\n    return $this-&gt;first_name;\r\n  }\r\n \r\n  public function getLastName()\r\n  {\r\n    return $this-&gt;last_name;\r\n  }\r\n \r\n  public function getAge()\r\n  {\r\n    return $this-&gt;age;\r\n  }\r\n}\r\n?&gt;</code></pre>\r\n\r\n<p>Оператор <code>class Employee</code> в першому рядку визначає клас <code>Employee</code>. Потім продовжуємо оголошувати властивості, конструктор та інші методи класу.</p>\r\n\r\n<p><strong>Властивості класу у PHP.</strong> Ви можете думати про властивості класу як про змінні, які використовуються для збереження інформації про об&#39;єкт. У наведеному вище прикладі ми визначили три властивості - <code>first_name</code>, <code>last_name</code> і <code>age</code>. Найчастіше доступом до властивостям класу здійснюється через створені об&#39;єкти.</p>\r\n\r\n<p>Ці <code>private</code> властивості можуть бути доступні тільки всередині класу. Цей підхід - найбезпечніший рівень доступу до властивостей. Пізніше в уроці ми обговоримо різні рівні доступу до властивостей та методів класу.</p>\r\n\r\n<p><strong>Конструктори для класів PHP.</strong> Конструктор - це спеціальний метод класу, який викликається автоматично під час інстантинації об&#39;єкта. У наступних розділах ми побачимо, як інстанцувати об&#39;єкти, але зараз вам потрібно просто знати, що конструктор використовується для ініціалізації властивостей об&#39;єкта під час створення об&#39;єкта. Ви можете визначити конструктор за допомогою методу <code>__construct</code>.</p>\r\n\r\n<p><strong>Методи для класів PHP.</strong> Давайте подумаємо про методи класу як функції, які виконують певні дії, пов&#39;язані з об&#39;єктами. У більшості випадків вони використовуються для доступу та управління властивостями об&#39;єкта та виконання пов&#39;язаних операцій.</p>\r\n\r\n<p>У цьому прикладі ми визначили метод <code>getLastName</code>, який повертає прізвище, пов&#39;язане з об&#39;єктом.</p>\r\n\r\n<p>У цьому розділі ми побачимо, як створювати об&#39;єкти класу <code>Employee</code>.</p>\r\n\r\n<p>&nbsp;</p>\r\n', 'Клас PHP'),
(3, 3, 'pages/u_1.php', 'Рівні доступу.', '<p>У попередньому розділі ми обговорювали, як створювати екземпляри об&#39;єктів класу <code>Employee</code>. Цікаво відзначити, що сам об&#39;єкт <code>$objEmployee</code> поєднує властивості та методи класу. Іншими словами, він приховує ці деталі від решти програми. У світі ООП це називається інкапсуляцією даних.</p>\r\n\r\n<p>Інкапсуляція є важливим аспектом ООП, що дозволяє обмежити доступ до певних властивостей чи методів об&#39;єкта. І це спонукає нас обговорити іншу тему: рівень доступу.</p>\r\n\r\n<p>Якщо ви визначаєте властивість або метод у класі, тоді ви можете оголосити, що він має один із цих трьох рівнів доступу - <code>public</code>, <code>private</code>, або <code>protected</code>.</p>\r\n\r\n<p><strong>Доступ public.</strong> Коли ви оголошує властивість або метод як public, до нього можна отримати доступ із будь-якого місця поза класом. Значення відкритої властивості можна змінити з будь-якої ділянки коду.</p>\r\n\r\n<p>Давайте розглянемо приклад, щоб зрозуміти, як створити рівень публічного доступу.</p>\r\n\r\n<pre>\r\n<kbd>&lt;?php\r\nclass Person\r\n{\r\n    public $name;\r\n\r\n    public function getName()\r\n    {\r\n        return $this-&gt;name;\r\n    }\r\n}\r\n\r\n$person = new Person();\r\n$person-&gt;name = &#39;Bob Smith&#39;;\r\necho $person-&gt;getName(); // prints &#39;Bob Smith&#39;\r\n?&gt;</kbd></pre>\r\n\r\n<p>Як бачите у наведеному вище прикладі, ми оголосили загальнодоступну властивість <code>name</code>. Отже, ви можете встановити його з будь-якого місця поза класом, що ми зробили.</p>\r\n\r\n<p><strong>Доступ private.</strong> Якщо ви оголошує властивість або метод <code>private</code>, доступ до них можна отримати тільки з класу. Це означає, що вам потрібно визначити методи отримання та встановлення, щоб отримати та встановити значення цієї властивості.</p>\r\n\r\n<p>Знову ж таки, давайте переглянемо попередній приклад, щоб зрозуміти рівень приватного доступу.</p>\r\n\r\n<pre>\r\n<kbd>&lt;?php\r\nclass Person\r\n{\r\n    private $name;\r\n\r\n    public function getName()\r\n    {\r\n        return $this-&gt;name;\r\n    }\r\n\r\n    public function setName($name)\r\n    {\r\n        $this-&gt;name = $name;\r\n    }\r\n}\r\n\r\n$person = new Person();\r\n$person-&gt;name = &#39;Bob Smith&#39;; // Throws an error\r\n$person-&gt;setName(&#39;Bob Smith&#39;);\r\necho $person-&gt;getName(); // prints &#39;Bob Smith&#39;\r\n?&gt;</kbd></pre>\r\n\r\n<p>Якщо ви захочете отримати доступ до private властивості поза класом, він видасть фатальну помилку <code>Cannot access private property Person::$name</code>. Таким чином, вам потрібно встановити значення private властивості за допомогою методу setter, як ми це зробили за допомогою методу <code>setName</code>.</p>\r\n\r\n<p>Можуть виникати вагомі причини, через які ви захочете встановити приватну властивість. Наприклад, можливо, для здійснення якоїсь дії (скажімо, оновити базу даних або перемалювати шаблон), якщо ця властивість змінюється. У цьому випадку ви можете визначити метод встановлення та управління будь-якою спеціальною логікою для зміни властивості.</p>\r\n\r\n<p><strong>Доступ protected.</strong>&nbsp;Нарешті, коли ви оголошує властивість або метод <code>protected</code>, до них може звертатися той же клас, який їх визначив, або класи, які успадковують клас, що розглядається. Ми обговоримо успадкування у наступному розділі, тому повернемося до рівня захищеного доступу трохи згодом.</p>\r\n', 'Інкапсуляція'),
(4, 4, 'pages/p_1.php', 'SOLID у програмуванні.', '<p>SOLID &ndash; це мнемонічний акронім, введений Майклом Фезерсом (Michael Feathers) для перших п&#39;яти принципів, названих Робертом Мартіном на початку 2000-х, які означали 5 основних принципів об&#39;єктно-орієнтованого програмування та проектування.</p>\r\n\r\n<p><strong>Навіщо потрібні принципи SOLID.&nbsp;</strong>При створенні програмних систем використання принципів SOLID сприяє створенню такої системи, яку легко підтримувати і розширювати протягом тривалого часу. Принципи SOLID &mdash; це посібники, які також можуть застосовуватися під час роботи над існуючим програмним забезпеченням для його покращення, наприклад, для видалення &laquo;поганого паху&raquo;.</p>\r\n\r\n<p>Стратегії гнучкої та адаптивної розробки передбачають написання коду з дотриманням принципів SOLID.</p>\r\n\r\n<p><strong>Принципи.&nbsp;</strong></p>\r\n\r\n<p><img src=\"data:image/png;base64,iVBORw0KGgoAAAANSUhEUgAAAqoAAAHMCAYAAAAdwIqwAAAAAXNSR0IArs4c6QAAAARnQU1BAACxjwv8YQUAAAAJcEhZcwAADsMAAA7DAcdvqGQAAGm7SURBVHhe7Z1teusoDEZnXV1Q1tPVdCX3XxfTMRgcIQTCCU2TcM7zMBMjPiSB8Vu3t/3vp8G/f//SpzVZPf6ZkEsAAADQjOgDhGoDxNU8yCUAAABoEKp3gLiaB7kEAAAADUL1DhBX8yCXAAAAoEGo3gHiah7kEgAAADQI1TtAXM2DXAIAAIAGoXoHiKt5kEsAAADQ3CxU//vvPwqFQqFQKBQK5VeLx39BzepiDUShUCgUCoVCocwslg6VpftGdVVWj38m5BIAAAA0o/oAoWqwevwzIZcAAACgGdUHCFWD1eOfCbkEAAAAzag+QKgarB7/TMglAAAAaEb1AULVYPX4Z0IuAQAAQDOqDxCqBqvHPxNyCQAAAJpRfYBQNVg9/pmQSwAAANCM6gOEqsHq8c+EXAIAAIBmVB8gVA1Wj38m5BIAAAA0o/oAoWqwevwzIZcAAACgGdUHCFWD1eOfCbkEAAAAzag+mCNUvz9/Pv77+Pn8Ttc9zrQNnG0/gXb8Xz+XZLPLZWsBkpwbALiH/ey5WAfM14WzBwBejlF98Hih+gK04+dhcZbTewkADDh7AOC9GNUHCFWDdvw8LM5yei8BgAFnDwC8F6P6YL5QtURry+61bV7v/uXycRj3w1za9qLmcMj9as48LL5/Pj+ED7pTbC/ssUg/O/1H8qb7S9+8/iPju/7vZBsA3MOJsyfeq+W9eT0jN9S9e4xp9CvsAW/sHo3xp557zXNJn4eifFx+Lk3b5+ZRb9w4KwDcQL6XPF5MqNaH9ffnx+ZrPqSNw9yaw6Ed/+jDIh2KR0N1HX3q+an7q3mtmLr9g3nLUz50vf5D9rE8n95LAGAwevY4Z6S+T2Vf6x4+M7aHNX5RN3JudvrHzwPnklWXabYfO+8AYJxRffBaQnX7qlg2jRTtjcPcmsOhHf/gw6I43BPVA0HZizgdny27rLPm364O373+Q/aO/4LTewkADPb7N99Pdclni3dGKqpzqWxXityTY2ustrJu6Nzs9I+fVX+vj6bZfmBcADhFPr88fkmoygM0F2k3Pmd0ndUmHl7G2NtR8jRCNb+9zBR+7G8Kim+ZSbt1YEtiWxl/Lnv//eFi2dOcTn/X7vkvyH0B4B4Gz55M84xMiHv8GNO87+t72h27hXVGyDrv3DT9k/MPnktWXca0jZ93ADBOvoc9fkmodg6GM22r6/xWoW9/fqG6UwvKZJdjWVgxibo4rp5f4vR37Ymm/4JsA4B7GBWq3hmpiH2TrXmP3zi2xjtXvHPT659wzyVrnEzHNnLeAcA4+V7yeC2hah1k8qC1DnNrDod2/CeEqp5T2gPRLzGW9NPz2bLLOmt+idffsx/XDf8Fp/cSABicOHu6Z6RGjOvd96fHVoyMr+2xLsXm9T+unXPJqsu0bCPjAsApRvXB6wnVyhZ8zXVPIlS3o7z4RwDu9Ubhp9PeisnqLx8qMnde/9Hxm/5fOb2XAMDgxi+S430Z7sFUV5xTG965cGZsD2v8om7SueedS1ZdxrSNn3cAMM6oPngCobrPZZV4Lqjxvi6yTajPB3g6TOQhHLD8ccjj14wK1UD2JxXRaY9B+VT52e5vxuT1lzavv2Mf838nzw8A9zB+9rTPyN2uv4V9jBnvYdlX2Tf6Y+9nTvGznBLnXNm5/dwbPpesuoxhO3PeAcA4+T73mCNUp9M5lB/A38f/PpBLgIXYBNwF9QYAA4zqA4Sqwd/H/z6QS4CF+Lq036gCAAhG9QFC1eDv438fyCXAOnxd1I9eAQA0GNUHTypU/5bV458JuQQAAADNqD5AqBqsHv9MyCUAAABoRvUBQtVg9fhnQi4BAABAM6oPEKoGq8c/E3IJAAAAmlF9gFA1WD3+mZBLAAAA0IzqA4Sqwerxz4RcAgAAgGZUH3SFKoVCoVAoFAqF8lvF479///796GINRKFQKBQKhUKhzCyWDpWl+0Z1VVaPfybkEgAAADSj+gCharB6/DMhlwAAAKAZ1QcIVYPV458JuQQAAADNqD5AqBqsHv9MyCUAAABoRvUBQtVg9fhnQi4BAABAM6oPEKoGq8c/E3IJAAAAmlF9gFA1WD3+mZBLAAAA0IzqA4Sqwerxz4RcAgAAgGZUHyBUDVaPfybkEgAAADSj+gCharB6/DMhlwAAAKAZ1QcIVYPV458JuQQAAADNqD5AqBqsHv9MyCUAAABoRvUBQtVg9fhnQi4BAABAM6oPEKoGq8c/kzqXXz+XVGeXy9YCXpLvz5+P/z5+Pr/T9V/zbP78JeQCAJ6M/Nz3QKgarB7/TOpc7kL1YqnRr8vWFqH6d3z/fH789/Px+dleIwAAgAmMai2EqsHq8c+kziVCFQAAYHVGtRZC1WD1+GdS53JQqOZvVX6Gun2M/z4+f47vXFrfyoz9U51ll3We3boOVHMk34qi+ii+LmX7MhfWj0ac9UnZq7r9zekxvnTA6p9pxHt0r/qOxKLtqo3rq7ClcrM/AWPMj6OB1T+UNEY1n8KyV3WdeCMtu6qXJdw3nm8AAA8mn1EeCFWD1eOfSZ3LM0I19M1vWNODOHdsPuBTnScKPLt1fXYOgyhSZfCxvcxHyE/Hh7t9Unl08yqwbNYXF4f9bCwbRd0Nvt7jT7SXe/P78+M6nmEvxrD8kVj2os6Jt7o2/Am48wAA/D2jWguharB6/DOpc9l4uAYMoVq0kw9b9eANguLy2bZHOv0juu7eOTTRlkVPi5Af0Wa2TzLHma64Exi2QshV9nOxRGTdDb7e58/3JgUVRRtj70q74U+BZZd196yNxJsHAOAJGNVaCFWD1eOfSZ3LM0JVP1hF38K+1YdKWRc/73OXRdrV+LpuaA5nDEmMT/gif5QhE/v3xJS8viHu4IOet+ov5pOYY4u2um+8Ho0lIeuGfJ3oT0av09HG2LuuP3o+bQ8l9ffijX6J8VpYcVl1AAB/SD4DPRCqBqvHP5M6l8bDPiMfxOaDVfQV9q9Laif7eA9rz66ub5pDMyI0tFiZ7ZMnhqz+GcPWfYN5IpYDWXeDr3f5k/ZXW+yOCFU5XqjqveHdkHVevMHu7Z+ANw8AwBMwqrUQqgarxz+TOpdnhKolCtRD/+vz55KfvvJhbD2Yz9jl9a1zaHq2RPgZ1us/3tnQffL1rT7FHCt7lXdlz3hjK/twLK3xbvFV1im7608YWwvFwofzQvWU/ZZ4Lbx5AACegFGthVA1WD3+mdS5PCdUj+tNPtT/kGa7br0h8x7Wnv24vmOOihRDIYb2fOwCKnz+bZ+cf6Bj9c9YtqaQGo2l1+YGX+/xRwvFaN/mK8b4xTeqXrzudcKdBwDg7xnVWghVg9Xjn0mdS+Nhn7FEhvz1VLJTtN/7diuNa5Q47r1zmCRxIeaKItXx5xBLU3xSPlR5bfif5i79Er7kvl92u2uZ6auwpXKzPxvlrw4L9Xm/Zj/yF04J6a/pj4ilim2jquvEG/HsG+48+xjF22UAgAeTzzEPhKrB6vHP5OZcWg/bh9AR0r9JjFeJoMyf5eJGni2Wd8otAMCbMKoPEKoGq8c/k5tz+WcCAqF6N88WyzvlFgDgTRjVBwhVg9Xjn8nNufwzAfFHQhUAAGAhRvUBQtVg9fhnQi4BAABAM6oPEKoGq8c/E3IJAAAAmlF9gFA1WD3+mZBLAAAA0IzqA4Sqwerxz4RcAgAAgGZUHyBUDVaPfybkEgAAADSj+gCharB6/DMhlwAAAKAZ1QcIVYPV458JuQQAAADNqD5AqBqsHv9MyCUAAABoRvUBQtVg9fhnQi4BAABAM6oP/vv379+PLquLi9Xjnwm5BAAAAE3WB5YOlcVUEKuLi9Xjnwm5BAAAAM2oPkCoGqwe/0zIJQAAAGhG9QFC1WD1+GdCLgEAAEAzqg8Qqgarxz8TcgkAAACaUX2AUDVYPf6ZkEsAAADQjOoDhKrB6vHPhFwCAACAZlQfIFQNVo9/JuQSAAAANKP6AKFqsHr8MyGXAAAAoBnVBwhVg9Xjnwm5BAAAAM2oPkCoGqwe/0zIJQAAAGhG9QFC1WD1+GdCLgEAAEAzqg8Qqgarxz8TcgkAAACaUX3wVEL1+/PjmHsvHz+f38n4QP4ifj/275/PD2kvy0fRuNf2sTnN85Z8/VwKn67l8pWaAPwS9b22lY/P7a4BgNen/fw79Xz5/vz5+CMNsgp5XTyeRqjuD4/LJmEEX5fox6PFy6PjH4t9v/lKQZqIN9RYW3OuX8TO5S5Uy3W16gDmEvc/mwzgjWk8//5IT0AbWx/UPIlQ3TeWtYG+LpsvD37b8dj4R2PvCNWN2PYYpNf2sYLQzmXwQX+lilCF3ybsscd9kQYAf0Hr+dd/hsLjGdVaTyVUn2UDPTb+0dj77d5PqO7Xuf+1iH7pK+SmXaK/jZP7qi8EjnFULo+30MU4wmZ9m6iqa82xkd6KH7ZDUHX6aLoxDuSz8kHvobYv5f7bab69zPNUtjz+GZ/S3MLeTFEYK+RC7Rs5XjuOzzJ2WcKYOveBOI+qyxhxhXJMPTKeiqPbV9cZ8x95GOmv94L8AuCW/s1Fu9JfZ2t/63iVTzKf98asiX1l21zUfJ9iDY+zaMPz97i+jv0y6z8yvoptL6pPk903fU7Y9Z19aPmZybbW+kW8/dKeu3ue3jK3F5feWw8i++fxJEJ1Q2zMeoM9lofHPxS7dZMlUv/rXmy33Q/7zgE7GTuX40K1uFflDRY/d+yawqbHTjf1UaGv97zFfMpxQt7zAWHNXdQ5c5i++34VdGN08mnYyx8T0XOr9nEPyn21ty/my8R5t7HMfMl6z6cwrcpHGsOc97jPpJ/7HMe9MhJHkbdEVZfypdtlrDHk3N542t7tu1HUOXl1++u9kPrPuhcM/HUOMYk5tQ+VT04+A12fg1nErPHGi5/D/HmvqfGr/o6/r7T+Q/aBe67J7l/1/As5KtZLx6Hy0psz+dhcv+o6dJH7xZm7dw6dntuLK7Ufzu88bH1Q8zxCNbHfMPv8sRzZfRx/FX8/9ryZ7FKmqddWbv7fJ89bEG8U7Yc+POvDtLjBrDGqG1AgbPGhJw+s6lDY0HV5vmOcPceHf9bcss6bw+o/4pdEjFHFuPXo5/NbtE0UdsO/Ausw7Pt5uXwUD5Ow/z8ul5M+NeawiLlTOQgUOR2IQ/qQUXUhlsun0S5jjLHf/2mus+N5e0nWeXnVOQhIu7kHRR9vfqu/OWYi9m3YDsL8oo32QV1X+bzF5zinsZ8C3njxcyfHqv9brf+QXY1v9Wky+PzzxuzZo21yjgrUGsT2cn07c3tjK7u7t36RvC4eTydUS/bFKh+4v89zxK9j32++4qvEtGGrrxyttn+Emcvod+cmjujrjeIGa+WjcbOlXEV/ikE3wqGi95g1Vjx80hhbsdZC2veSxvDmaM034ldG+qBjdPOZUDEW/ldrVhKFVppAfq445t18OuIL/m3jn/ZJ1OtcaVoxqDndOCwfi7otltDHapeJNuF7LKLt6HhinMNNc+xQVN9WXrcsxge9jFvMHXNS9LuWeE9484d5z+zrkXWO/cXa6vGKayOf8bOY4yi73Y1Zo+cPVPMpe/BrGy+mvbC/2fq7/p082ytaz789v8f+aZ0Hmd6cpu26fm6OvLk35NkjP3tzn4urs7ceQM6Jx5ML1Y0/SODTxF/E3rj50mGT9/BO60Z9PGYug8/Vw0bcaBF9vWHshfpAaOwV0dd8o+o9OPPNf9SrHBu+FXXeHFb/Eb8kwnb6jWqyF/mT9hz/brGJ7UObPTflnhQUforxQ4fZPkkO/xTFnPm6E4duHxB1R0xWu4xh2/dy8u/seDEXnXZFnZPXSG4jy26Pfup9KfHmP7uvR9ZZj6nHE9dmPq35RZ0bs8YZz7SnnMf9Juxvt/6ufzvDZ3tF5/kn95K3ryw/M6btun5ujkb2dJwjtFHnkDP3mbiG9tYvktfW4zmEai9Jf5DAh8Y/HHv75ouipNiYnRv1wVi5jP5WT39xo0X09YbOVbz2buBEYdvHPvIjD/lMcbOLg0KOI9tYc1dtO3NY/V2/FL0Y03Uzn2FcfbDK+S3/KlKe4reRGj4G9LybU2FPmPm92ydJyIHRPo4p/XXisObNdV+fW79k6PnXGyPUnR1Prq83tpdXC91/tG3G61+tgcAaTxH2T3He6T75upVPaw5Z58Ws8caLn637MeUgt33H9ffsx7XIj9WnSef5J/eZN2bPrv0LxLo09i05qmicQ97c3tjZPry3fo9RrfUcQnVjF1s6UftC1aLmd3l0/GOxd26+tHGH2j6YOpeGYIroeqNdcTMZe6N3s2lbcZDYuT6um4ebyLM1d9dfdW367vTRdGN08qkP1mjb5jrqxnw53oK0fAwUfu5+HQ/OW3wqHrr7eK29v/tXH/q6fTeOwv9E9k36YrXLWLZqn3XGk20DMlfW2FVfYc9z6T6SYkwj72fmz/2dvXTFW+fwuTdfvlZjyDajPrdi1njjxc/beMcaqhxk+zuuv2fXuQhYfZrs/eszQNfredR1b85oCzlrrF++bu4XZ+6EeQ6Nzt26zv1be+uB1PrA5mmEauBYFFFaD5zfJM/9SPzY983Wykfuv9v7bR9JjmUniRKnXL7SjSUP4oC4mUxx37vZDFsc47hZ85ypHDe5Ej56nHz4bF+dVnNXc7bm2Gj63umjacZ4+bk4+QzsOc0l1O+xX6cc8CWOqQSxxpi3ld/TPm3F2/f6XjPb9+JQPkas9la7TGov/Qjl6D8wno6j7Gv5d63z86qoxtR5F7aB+av+zYkzjXWO45b1ZUlzpnbNfN7is24v8cbLn+WvGJLORfubrr9j333r9E9zt+/zeq/kUvdRbas1UH5ksq21fhFvv3TmzsR5GvvgzNxVXL29tff1ztEZZP88nkqoPgurxz+TMpfhMGzc+BHnsITnJx54ShC/Iu8Sx7vTW6fi4ftkPLNv4POo9bP29yPm3uY4fizgFxnVWghVg9Xjn0mZS4TquxPe8jziK/Hf5l3ieHusB3nmUWLiFp7ZN/B50PqZ59Aj5v668Eb12Vk9/pmUuUSovi3x8NzWWv7c0yvyLnHAc4NQfW1+e/1659AD9s7X5THfTRrVWghVg9Xjnwm5BAAAAM2oPkCoGqwe/0zIJQAAAGhG9QFC1WD1+GdCLgEAAEAzqg8Qqgarxz8TcgkAAACaUX2AUDVYPf6ZkEsAAADQjOoDhKrB6vHP5K9yqX8Zdiwj/5J79r+ofMp/3Rt+ofPVp/ALtl/qNy1UOX3xeFZm4P64+V6eyVPex4vBWTqPJ8llvp89EKoGq8c/k7/IZXywoVT6xINqX5u3yNW7xQMR7mV4ejh7bmZUHyBUDVaPfyaPz2X4Xaz8RSGA14d7GeCdGdUHCFWD1eOfSZVL61sOVZ36O8XVw0rZ5VexYazwbcH4N/ivbeRf2di/lSjn2//QQGxT+bLb5Fh3/13rAmd8067aqFgru8TyJ/aXdU5+i3ny2nT6WCify+Yncj4lHtW/quvsR6//yPhn1k8Tx9J9df8z67mXo4nlv8yvF98t9kywOfdy/Lvwaq/tb2E/1ZqJEsa05q32jcDzuWfP/ucfV4j20qcjJsO2Fzlfez3b+Qh1zllixVVxx14KuLGr+WVdz7+RuSXeXAcn7/3RPRQo9sXAOW/EKO+Fytdm8BtmrI8n++qBUDVYPf6ZVLm0bpCiLt1s4iaLB20+5Cu7uj4ealLc7odA6wFXHO6Vf6GvPiw61wFZZ9kLnPGT7yIdxvgdu6ay5cMt1zn5Ncd2+mj0GHHN9HoJu24vr0/Ho/JpxVPU1bEU+9HrP2Q/sX4ab/zKf3Vt9ZfrUdlVfr35b7FnRu7lau/s/rn5rOpUXBrP56Zd37/1/bx/4dzK90ZRp9dTjdfNRz13228LPbe6tvoX/twZe88/d26FN1dExxua9O791H7IR39f9NsnX474tK/GeBIr/j+g0gcNEKoGq8c/kyqX1g0i68zDRdx0ll3Wxc/GDar75Tm/wv+N+sO/MHfH7sVj2Quc8aO9c4DFz6J/oDensoXD7vIp6rz8WmN7fTyqtidy7sVj+Sux7LLOjEOsidd/yK7Gt/q08Mb31sbo3xMPQ/mVdbfYM9FP715W90ccbyCfqq6KS+P53LDHL4KPL7I3vr+vnzM3jm3Ty8fIWdIZ++699Iuxe3NrvLkCVrzbVeveP7OHqn0hx83I8W/JXY+z7X+JSh80QKgarB7/TKpcxhtkryvLftPsh4tlT29RwuFR3OAb8qYzD5cN48bMczUPh+NajGfaLX9TG2PeAm987wDbMhG+ki6+BdSbs7BtY4eBZZ2XX2tsr0+L2GbPVx2fl3PLn0Y81n7IxLZ67ULZ+7v70env2s+un8ZqK+uG1rPlW7bnayO/Zn8xxpBdzCcZvJfjGqUNJD8fWHMUdUZcGmmLn72YUp32JRNja/VVPsg6bz9vtPPhnCVmXGKue/dSphu7rLfsxniB0bkz1liqbuzez+1H91Aao9oXztpkWrkb2BcFPT8fSI7DA6FqsHr8M6lyad0goi4eDvowlAwdlv7DLRC/qg3+ydNBt9PzabsxblFn2SXe+IMHWH2oNuYUfb8uqY0cbyi/amyvj0foL9ueybn43Iynd4Bbfoo6dz86/V17Ynj9NN74N6zn7kvKmbCb+TX6323PRNvAvXy020V/pQGsOUSdGZdG2pzxyrG3tSzyv9/PxfqeGdvbz4HY3srHiFAt5y72wr17Kc1/c+yWPePOrfDmipdb/8F7/+weOv1G1cvdyL6Q9Px8IPm880CoGqwe/0yqXFo3SHXDdW4gy17cpOGGNvrrG/m4VgeE8i8cKN23XV48ll3gjq/9C5g+tGMoyLavz59LbiDbe/m1xvb6uJQxnsq5F4/lr8SyyzorNonX37Mf14Prp/HGv2U9ZV3+fCa/99oPBu/lLMjit12NPdfzoRWXxvO5ad/39rGfg+9a/Mg1OjV2i1Y+nLPEm/vevfSbsXt9NSPtrXgluf0te0jvC29tbsldj7Ptf4lRrYVQNVg9/plUubRukKJuP2SLm7I4MJL9+lRX12E49ZV0HL9zKMTxrcM2tOv5alwHZJ1lPxgYX/saKNrU8XfnjDaV3+546toc21+TApnvQLG+J3P+G/FY/Vv70es/Or7MldWnxenxB+Kv7gcVv+zjzX+LXeDfyzt7O5XHTNOHTlwaaWuO17DL/VLs9Y3YdvOj1TdQ1DnrmbDz4Zwlxtxl/u/cS/fGbtkz3twab65Iiq977yv7GR+LfDhr4+XOWxtNz88HUumDBghVg9Xjn0mVS+sGqerSTZb6FjdoRNmNm/E4qFORD7b62y7ips6+bF8l7wdBqySfvHgseyDWW+PmEvrkONVhK8aMsfTm16R5mwdipJPf5tj+mkj0+sTmyTdZX5Y0r/ThN+Lx+kub19+x++u3z62F2YE3f8SLX9hSOZokezO/3vy32BW9e/kgjqP8zDR98PaNQNqa47Xt8szZ1zyX0E6IFG/syMC9FvvI+HKf9lmS+1x9C0X5cs9e2rgrdsueGZi7oNE+lzpvuYj50xjFHK6PpW3fF5efi7c2G93cRQb2Rabn5wPJvnogVA1Wj38mL5vLeCOf+Gr8LL89/itCTmy22I9vLYJNb++sCPm4EePNJvwao/oAoWqwevwzedlc/rZo+u3xXxFyYvN1ab9RhUh460qOrpCPW0GoPpJRfYBQNVg9/pmQS4D7+LrwZqxJ/AJmO2OKH+VZGPJxJwjVRzKqDxCqBqvHPxNyCQAAAJpRfYBQNVg9/pmQSwAAANCM6gOEqsHq8c+EXAIAAIBmVB8gVA1Wj38m5BIAAAA0o/oAoWqwevwzIZcAAACgGdUHCFWD1eOfyelcrvxriP6CW/PNOgEAwB2M6gOEqsHq8c+EXAIAAIBmVB8gVA1Wj38m5BIAAAA0o/oAoWqwevwzqXKZfyF1VdK3katvKe+/gNlsG/DGi3h/n3pr+3m52vUvy/4StqOc9VFc5/GOee77+9lWm+Ov0ui5A7LOskf037gWJfhd9LPiD8WbI6HtMj9W32hvjGe113WeP5GBNal+K3jus48d/za3ahP/bn3VL6H22bk1Lm2hlNM4ezTgztHJ62m78qeVEwB4W/L974FQNVg9/plUubzpgSautd0bL4uH40GormPb4GP+6z+2vXiOVnOe8XF/QF/HG/FPzrURBU32V48XumxiKNut/rLOsmu8MQwfTs3RG6vqm/LTGs+aS9d5/gytieGDri/WKbCPU+Qpo326d42rucMYok3V5xf2UdPu5BcAlmBUayFUDVaPfyZVLk8/8MIDVDxwtd0br3pgb8i62NYTWap/Nee4j/Etm3xjO+SfnCtUSQHxfR0rI/sY/V27xhsjxu/lsDOHsFf5UX1D7JfPznjWXLrO82dwTS6X8u+pB98+LhcxtspL7KfGbVHMd36Niz0S8fboL+yjlt1qa+UcAN6aUa2FUDVYPf6ZVLk880ALxOveA9YZLzwApfAJSLvVPz7Us8DY3/ZIQWL74Pm456F6azTkX+p7FO3vRnzQG23M/tpujCex2hR1I0JVz6/zlep1fvQ8wV7UKSybrpPzHUX4M7xnNn+OdkkIqrmiYEwxyc9NhG9V01NrLOINxDadPZq5ax+dsQtfAi1/AOBtyeeBB0LVYPX4Z1Ll0nogyTpt16JB273xhkXHbtqphdf+hmqPZS+izwkfzTeqJ/0r35btvhb+OP1du8Ybw8iXN0cRg7D33qh+XdrjHVg2XWe0Kfw5sSaHT6FPSIA5Vxi3821/izDeMc75NS73yIa3R2+Y42Z7jE34FrD6A8BbU+mDBghVg9Xjn0mVyzMPtI0gXPy3mZ3xigd+Qj4oY1tLZIkHqW6j5jzn4y4IjvZD/im7rAtttaiSY3r9LbvGGyPFdEaotu0qP9n29flz0XVyvIw3l3UdkHVn1iTUb4GHPRDjr8ZOAjX+uIISZ11ETu9d4w13j947xyl7iE21jXOdyQ8AvDqjWguharB6/DOpcnnvA03398ZLQuH6LVd1HdsGH/ND0mkfuNdHKQCG/FPjy4d6MdbGEU+qs/rLOsuu8caIOTgnVFtvVCOVQNri6b4NFFg2XWe0Kd9AnlmTPfbDv+bYcjwDLdRkDm5Z42K8gT16yxyy7qS9fHNu3GMA8PaMai2EqsHq8c+kyuXoA+0r/H/vaxf7ARip6tKDMPeVD8TcVv56KmGPD9TW+Hf4aD6oc7/KP2FLRTbZfcwlzCOEozF3UWfZNd0xsu9CZAWqOaSP2c+9qTX+kZ/UV8Zr+pMx57qWa060TY83sGdS++Br9QZYjpXmK2IwOARtKrK9v8bSvpee7VrKOMr6O/eRYy/mK5Kz5754AwwAb0e+/z0Qqgarxz+Tm3MZH2xK/GSsh+Kt3DPWo3yECQjR9Wh6++S3YY8CwJMyqg8Qqgarxz+Tm3P5qAfsPWMhAl6IvxOq4U3pn70dZI8CwJMyqg8Qqgarxz+Tp88lD+tF+AOhGvfWtv/lz9cCAEBkVB8gVA1Wj38m5BIAAAA0o/oAoWqwevwzIZcAAACgGdUHCFWD1eOfCbkEAAAAzag+QKgarB7/TMglAAAAaEb1AULVYPX4Z0IuAQAAQDOqDxCqBqvHPxNyCQAAAJpRfYBQNVg9/pmQSwAAANCM6gOEqsHq8c+EXAIAAIBmVB90hSqFQqFQKBQKhfJbxeO/f//+/ehiDUShUCgUCoVCocwslg6VpftGdVVWj38m5BIAAAA0o/oAoWqwevwzIZcAAACgGdUHCFWD1eOfCbkEAAAAzag+QKgarB7/TMglAAAAaEb1AULVYPX4Z1Ln8uvnkursctlaLMr358/Hfx8/n9/pekWsHIS6j8+fldNiwn4BgBcmP/c9EKoGq8c/kzqXu1C9WGr067K1XViogsn358fPB2oMAOCtGNVaCFWD1eOfSZ1LhCqc4+vS2C8AAPCyjGothKrB6vHPpM7loFDN39b8DHX7GP/Jb/9a3/aM/VNd61vIo3brOlDNkXwriuqTabQ/clHNZ/2YRMe/6NvWJuQp227K3/fP50eeT5VjDNWmWtCW3RnbzIH44iXHmEoxbewrxtvK8SZ2iVwBALwO+TzzQKgarB7/TOpcnhGqoW8WKemhnTtWD+n8UE911kNc1nl26/rsHBrLVsUs7SFX4lrbi2uV12i7I3+Zql1AjeVeN9bcGlvXhfy0fJa5M+YIPzJg5/ZNcwUA8EKMai2EqsHq8c+kzmXjQRwwhGrRTj6Y1UM6iJLLZ9se6fSP6Lp759AYtraYCoRcZfG0oe3iOnx7vH4LeEf+MnrOQCEQE13B3cBqZ/jV/PnUYs7va+wZOZb4/K65AgB4JUa1FkLVYPX4Z1Ln8oxQ1Q9h0bewb/WhUtbFz/vcZZF2Nb6uG5rDGUMSbQ1/Dru+FiLHtKdxdEJ128iJ/GWsurBOUugFZDtLnFm484W3jcoeiG32uHXY+9w5t6Gk/qLPe+YKAOC1yOe0B0LVYPX4Z1LnUggAjXxomw9hWzx8XVI72cd7sHt2dX3THBrD1n2jqkWOtotr+y2h9uNE/jJW3cPE1+avnkcS5xFt414T48mxxOf3zBUAwGsxqrUQqgarxz+TOpdCAGjkQzs+hFW7WKdE3dfnzyU/qeWD23qIn7HL61vn0HjtlT0IquLb3rp/cb3ntfzHQ3fkL2PVFQIxUa2dslt484UxzY2SEXsptNWCUPpZzPWGuQIAeDFGtRZC1WD1+GdS5/KcUL2+bVL/6CTbW2/GvAe7Zz+u75hDY9maoiXkyRlbX1fC7I78Zaw6Pdbp64QzXxDqRReZq4CMV34O5PhynZ7rzXIFAPBqjGothKrB6vHPpM7lGaG6PYTlrwySnaLdeguWHtzegz31P8ZWJY577xyaxpzH+Lnvl93uWtrzH9/WzrZb85ex6iJJUFljRzz7Rne+0L+ed/9Rieu4ctgY+2ELfcVeM+Z6n1zFizhG8x+eAQA8GfnM80CoGqwe/0xuzmXzof/bdIT0o4ixizeHktG8/Fn+XhByBQDwcEb1AULVYPX4Z3JzLhGqCNVHQa4AAB7OqD5AqBqsHv9Mbs7lykJ1BoivccgVAMDDGdUHCFWD1eOfCbkEAAAAzag++O/fv38/uqwuLlaPfybkEgAAADRZH1g6VBZTQawuLlaPfybkEgAAADSj+gCharB6/DMhlwAAAKAZ1QcIVYPV458JuQQAAADNqD5AqBqsHv9MyCUAAABoRvUBQtVg9fhnQi4BAABAM6oPEKoGq8c/E3IJAAAAmlF9gFA1WD3+mZBLAAAA0IzqA4Sqwerxz4RcAgAAgGZUHyBUDVaPfybkEgAAADSj+gCharB6/DMhlwAAAKAZ1QcIVYPV458JuQQAAADNqD5AqBqsHv9MyCUAAABoRvUBQtVg9fhnQi4BAABAM6oPEKoGq8c/E3IJAAAAmlF9gFA1WD3+mZBLAAAA0IzqA4Sqwerxz4RcAgAAgGZUHyBUDVaPfybkEgAAADSj+uC5hOrX5Zg7l8tXsj2QPPdDORn79+eHav/x8/mdjJHvn88PaZdFt/098pwAAAAAmVF98DRC9esS5rz8lNrs6+cSfPn43GTX43h0/OdiTwJU1WfhehW3e7sPQ5HubfV8v0OdyxRXszzGrz/l+/Pn44FfLPw57xzvQGz1F5VbefCZ5vIqa7TavQMwygveG/k89HgKoRoP8ubB3RZcv8Uj4z8bexS1jfblWL287WLxEW+r61x25o5vlRcQqrAM8Z78i28LAQA8OaNa6wmE6i6oumf5gwXM4+I/G/sZgYlQBfhbwl5nPwMAWIxqrb8XqiOvqx/8Svth8Z+N/VQe2kLV/lGD36HO5aBQzbF+hrp9jPpN8h7jYZeDxv7CFsYdGbPqJ3KYbZXz2Y/OOsk6y17QjiuunZp/f2v3WfaRJcTo+RTp5DPSsqt6WVpzZ6LN6DfqV6P/1TVj7rjPUp1ll3W32DPBFuKP8119q75DMms9ZVya2L4eq52n/T4t2wu7bp9jlL617rOu73fspYjjt2lXbdR6VXaJF2vEua/UfM016V1beZH74RY/5TPCGt+bX9edyatFHK/sf72XBta1F59Fa10CPV9aca92bwyQx/B4DaGaEqjv79/iYfGfjT22HxWYnU09PMb95DmvdNYy3gTJtxir9DXFcz3F+9dWbt0xa9+iaKh8ao2b6ptzd+wHjk8yR5G9vfTZnT9T1Dn5HMhVZHTuzL1+Wf2rfSTtqX+u8+a/xZ45DnW5XnvejofatPVUcWmsMbp5Cn6Ka20vrtVeiDYZt7dmDd+rdhtWXYHjt/Y1INvEzwP5z6T2zVi9az12b01619qmcxrtZ/wMXcSPklXjb3Tn36jsJ/JaUa9bcTYb9nJ8Jz6N9q24Tx1fir6qbcpDcx2qnKh1zFTtNqy6guCLsFftnRzGz70cn6fWBzYvJFRvT8ZZHhb/2dhPbYp9g8u3N39BnUvjZshUh3Tnpqge8BvdB++GN+b2FWuVrcK+f75cPoq8hkPq43Kp2tVzd+yZni2i8hfbqzx482dk3S35tBidO/MLfrUfGrvt8inqvPlvsWein8ZeL2Kas55VXBpjjF6edr+EH9ourqufm4+23n1WjtX0Xc8ZsOoKHL+j3fNtIP+ZaOuM5+1fTW9v966Vzd7nJ/3cro5c6bkDnfkjlf1EXjXe2Sx9zUi7F59HsS5jz4nweel7Y4BRrfX3QnVbwiCoupuld2P/Ao+L/2zs3o0V7HnTvINQ1TeA6Bva6q+Gq5tK9ffGzEQ/dr/3osfc+hxzh/6bz9Xcsn9rnDhAycBejwIjOSw/H1jjez55+RzwK9KcuxGv135onRsxBYrxt7UKuXL7izGG7GI+SStnqs/t65nrjLg00daI4bDra+G7aU/jjPgbfNzaxqaFveP7aJ0k2jt+Sz8yRRvj3OzNadrEHN7+zcS6PZ+Hb7pd77qwGTnVfSNXP+O+S/PrEnMR+1t2OX7HfjavLeI9ZY3fX1c3vhYirmLsQMsXmQvdyYxZ+F7YjXXMjNZJov2B98YAOXceTyBUQ6xhE7Uego8XXI+M/2zssb0++BLlWI/Pm0WdS+NmyMgHu3kDiL7eA8Dq742ZPjcf4OLz1yXVBT/0YeLNbdkzMgctYv/QZl/jKpfe/BlZ5+VzxK/A6NyZe/0y+hf3gbAfa+b0v9ueiTYjZ7rP0e629TTj0hi2Vp4iOu/aXsy/3TO9thFxnxV9Uzurz2idxPNb+pExxtxzs59de2nMafpz4pzSxPss2XS73rX4PLzPhZ+950rE6u+Nb9QN57XCOZuddXXj85Dr4vkiPi99bwyQx/B4CqEaiAtaHeppQ9yzwW7g0fGfi31/mOn6vHmum+wdhKp10yR7cXAkqv7KPjKmzrecR44Z6reBwtrF8aStOXfHnunZDpKgid8S0vtmw5s/I+tuyafF6NyZ3/BL1uXPX59bvlIjy+71P2M/CHvdsEn/I3esZysuTW+MUKfsYV9335wU1/s9fbSPts59lvt6vo/WCVy/k6+1b6JNvBZtenPqtoFYl2L19m+F8M/0q3GdP3f3+Uk/JXKsTDV+x35cD+ZVE/zrnc3eunrxuYjxPV+KuBa+NwYY1VpPI1QjcbH3uXMpkvYg8twP5WTsu7iVRW+W9xCq1wM9CfTrHdK/tm4gb0x52ASO9qmuGHOP4ziwpK05d8d+4MW5c3xVq+oj3vyZos6bd8yv4bkz9/pl9bf2kXywyD7e/LfYBfs65f22EdvX9+Vt69mJS2PZqjxle9jb1nyiTl/LeyfaNt9a91m2e76P1h0M+B3b9B7Gxr7uzRltnVi9a7kGgSqPYt7edfaju88H/JT9e74EqvE79mq+DatPC+lLIPYN8eS6wXVtxafprYvni45Ltj/aLnBvDFDrA5vnEqpPwurxz6TOpXEzZOThkG8A+Ws8qk7pxrHs1g00MGb5BUDoL/xVYxZfoUpbb+6WvaATVyaO0cijN3+mqvPmHfVrYO7MvX7FtsKWytEk2QtX5fje/LfYFfpbZeYXj3Gcs+vZiUuT2ks/QinztPX9sttdSzvueO+EB2y2te6z5Ivr+2hdII1Z+ipL6JP3kRAgATHmfv8PzhnItlvPqQ29P8o1Ef3MkvxKbZs5vcVPGbMcK2ON37D7ed3n7r1YaZ/N/rrudOIzaK7LRtuXzWjkYsl7Y4DsgwdC1WD1+Gdycy7vvAFMfmPMvyLGog4VeF2eZT17fozeP39xn83w+xb+ItZbeAU/Nx+Pb3e/K3+xDnHOP7g3BhjVBwhVg9Xjn8nNufyNG+iPb8qZhK/2//rHOmAeT7OeMx5qf3GfzfD7Fv4i1lt4BT+/Lu9/pq10bwwwqg8Qqgarxz+Tm3P5GzfQKxzWHjGGLafyZ5jgdXnH9XyH+2yUV4n1Bfz8ujTE1Dux0r0xwKg+QKgarB7/TMglAAAAaEb1AULVYPX4Z0IuAQAAQDOqDxCqBqvHPxNyCQAAAJpRfYBQNVg9/pmQSwAAANCM6gOEqsHq8c+EXAIAAIBmVB8gVA1Wj38mL5XL3r/IfOS/1uRfhgIAwJszqg8Qqgarxz+Tl8rl0wnE/NdaPtt/zQsAAOAFGdUHCFWD1eOfyUvlkjeZAAAAD2FUHyBUDVaPfyZVLqMY3Oqq14P5bw1Loaj+NnPVZ//7yoc9FtHfEp5f4W8s6zZ734/LJba/XPLfeBa/gFqOpceNY27t8y9tF2PmcvzFFcsnXdebCwAA4A3Iz0cPhKrB6vHPpMrlIeIssSbrk0g9xKm+DgSh2hB41nUlhvfrLCK/LsF2nSNeF+Iz9SvG3cXy1S19HZoH4ZtEb+XTRs9vqz0AAMCLM6q1EKoGq8c/kyqXSXiFt5by7zrHv3We3mjG6viWUv1JvaouiMLGW0/jOsxx+RR1erz0ZvSqjUXbxudCzAa+v6+fM61xMrrOaw8AAPDijGothKrB6vHPpMrlIbw2kXkIvCQ4pSgLolH//XNT0I0K1W2OoEB7c/T6V5/3uOofR0gk0XstxjiZ0XkBAADehPx89ECoGqwe/0yqXArh9XVJAiyIOk9EBrRoOyE0j7n0HKNCt/G5eqMaRXeIeWCcjK7z2gMAALw4o1oLoWqwevwzqXIphVcSqEHsxReT2qYFmhKWoZ/88YGm4Pv6/LnkStkmftbf+tf9k73ql9vtwvTwI4yhBbYct+ib0HXNuQAAAN6DUa2FUDVYPf6ZVLk0RN4h7Aqb94+pQl8l4EzBJ8YPGHN0/zFVnk/20/NIIWqK3TBuo29A1/XmAgAAeANGtRZC1WD1+GdS5VIJr+KtaCXK8r/ST6UQjaK+KlLkqV+Ur+cQY93866k2oqhNgvgQvLGEdrsgj36I+axybWPNVQprAACAVyU/9zwQqgarxz+TX8llFG9CREoMETnMPX3vRohZAACAN2dUHyBUDVaPfya/kkuEKgAAwEszqg8Qqgarxz+Tl8olQhUAAOAhjOoDhKrB6vHPhFwCAACAZlQfIFQNVo9/JuQSAAAANKP6AKFqsHr8MyGXAAAAoBnVBwhVg9Xjnwm5BAAAAM2oPkCoGqwe/0zIJQAAAGhG9QFC1WD1+GdCLgEAAEAzqg8Qqgarxz8TcgkAAACaUX2AUDVYPf6ZkEsAAADQjOoDhKrB6vHPhFwCAACAZlQfIFQNVo9/JuQSAAAANKP6AKFqsHr8MyGXAAAAoBnVBwhVg9Xjnwm5BAAAAM2oPkCoGqwe/0zIJQAAAGhG9QFC1WD1+GdCLgEAAEAzqg+6QpVCoVAoFAqFQvmt4vHfv3//fnSxBqJQKBQKhUKhUGYWS4fK0n2juiqrxz8TcgkAAACaUX2AUDVYPf6ZkEsAAADQjOoDhKrB6vHPhFwCAACAZlQfIFQNVo9/JuQSAAAANKP6AKFqsHr8MyGXAAAAoBnVBwhVg9Xjnwm5BAAAAM2oPkCoGqwe/0zIJQAAAGhG9QFC1WD1+GdCLgEAAEAzqg8Qqgarxz8TcgkAAACaUX2AUDVYPf6ZkEsAAADQjOoDhKrB6vHPhFwCAACAZlQfIFQNVo9/JnUuv34uqc4ul63Fonx//nz89/Hz+Z2u4QS9fZX21Kz8sk4AAHeTz2gPhKrB6vHPpM7lLigulhr9umxtFxaqcAeNfcWeAgB4Ska1FkLVYPX4Z1LnEqEKvwFCFQDglRjVWghVg9Xjn0mdy0Ghmr+9+hnq9jH++/j8Ob7ban37NfZPdZZd1nl26zpQzZF8K4rqk/HaV/PtuTLbHnz/fH4I+5FYVS9LzqPhz0ce3Iq9qmvNvdGI9eqeGivmdWsTfLPmlnk3GRCqp/0f8C9+FmOkUvkBAAAF+bz0QKgarB7/TOpcnhGqoW9+G5ZERe7YFB1SQEj7RiUwOnbr+uwcGq99ZQ+5EteVXeWklVvTp7rt9+eHyr/qU9Tpub312WiKRuVL1Vfl3aQRe3NOJ3ej/lW+bsg5AQDAZFRrIVQNVo9/JnUuG4IiYAjVol1HIASRdfl0BESnf0TX3TuHxmtf2UOuhODR9t5cEnPe702qKbq+bMg6S4w1ReFOSwh/XbY90nlbXuXd5KRQNfwrGPXPGKeIEwAATEa1FkLVYPX4Z1Ln8oxQ1UJC9C3sW32orATEPndZ2gKjqhuawxlD4rXX9ngtBI+2W2LRwpo3E8do5UfWK3voJ8VbQM5j9hc+SLveDIW/Rt5NGvuqtae83I36J9sdpecnAAAE8pnpgVA1WD3+mdS5bAiKQEtUHIi+wv51kaLB+Jw5Y1fXN82h8dpruxaDlv1mobrnshaPDV8Csk77FnD63/JG1cy7yW8IVd8/yy/eqAIA+IxqLYSqwerxz6TO5RmhqtrFOiU6vj5/LlklOALilF1e3zqHxmuv7EEgHf+4KaD79+aSWO0soRnzb/sSkXWybaZav07/wr7vieofcrXybnJSqHrjjfjXGscbGwAAtrMZoXozq8c/kzqX54Tq9c2U9Y91tusTb7pO2Y/rO+bQeO0Le8iTN7bzD5oy1rxaaMY2W99cZ/Up6py5m3M2hKz0J/vSynvB98/X11bZsjfnPOl/5Z/xOSPnBAAAk1GthVA1WD3+mdS5PCNUNwEgfz2V7BTt1hvXjoCo7Glco8Rx751D47XPn7/C/22/9iLHSAIr26zENnyK39IuxhRr4/ka6cwd2wpbKkcTY/zjW+ypbzPviv1b7ertc6YpVAOe/z3/ki35eoyRynWofQ7TNwCAhcnnpQdC1WD1+Gdycy47wuR36QjpRxFjb7yR+7O8AAAAzGNUHyBUDVaPfyY35xKhilAFAIC3ZVQfIFQNVo9/JjfncmWhCgAA8OaM6gOEqsHq8c+EXAIAAIBmVB8gVA1Wj38m5BIAAAA0o/oAoWqwevwzIZcAAACgGdUHCFWD1eOfCbkEAAAAzag+QKgarB7/TMglAAAAaEb1AULVYPX4Z0IuAQAAQDOqDxCqBqvHPxNyCQAAAJpRffDfv3//fnRZXVysHv9MyCUAAABosj6wdKgspoJYXVysHv9MyCUAAABoRvXBEwnV75/Pj/9+Pp7gb0M+c/zfnx+Hf3vRf71pH6dsk8vj/9JTnhsAAAAgM6oPEKoGzxr/LlLV34D/ukRfr3/ysz2O2f+X+ZtcAgAAwDMzqg8QqgbPGf9ut/4G/ddl8/fjc2sR6I3z+L9j/ze5BAAAgGdmVB8gVA2eM/7R/CBUAQAA4LkZ1QcIVYOnjT99mz+UWwRtfPPKt/4BAADgjxnVBwhVg2ePv/oHVcUr0n2cwn6Ux4rUQJ4bAAAAIDOqDxCqBq8V//7t/LGfUX08f5NLAAAAeGZG9QFC1eDl4v/+/Pk4fvXUqwnVx//c7BBFTh/EX8wJf0b9q+a2cnzB+eyEc+a6V8OPFT3dPfwOcCb8HeT+18nnngdC1eAp4+/dNIXtVYRqehOsyvM97HI+P59TUMNLEkXqq2+meO6ke5cbAwBOkp/7HghVg2eNf//HUFqs7v2uD4oXEKrpAbe7LN+o7p+fxXeA3yHs88f/vDgAwDMxqrWeTqjmuWV5tHDJ8z6WsfitbxeW+Xl2oar9U9/6F2+HozBXb2qON1HWG2ZZp+35NyaEb616ffW11b6H+O0M19IYy/MrE216TDtvB3HsgXljhdp/Mu+576eIS36L2ps70hq/ve/HfRO2VHKTc3tIveUf9dGKv0doH/qpfVLds0ZsRRvVvwzz9pzVedno7aVAtd6ZG3JXzWX0NecyGOr/4FzJulvsmWhT/kZyPKJfbivKvpfuXB/NGZ+aec/16Yu5wgdpU/frUVJbz3cjJ6G019bz1yi3nA8LkfPk8URC9XlYPf6Z1LlUwrR3HQ8V+eZpPxCizbr5ZV1hV3N4ffW11b5FbCvj2WiONeBXxrLJ/FT2fHgOzJvbXh0pr2PfMFZeC8vembsaX8+fsGIc8k31kXkZ3kPOPBlrPtPvDtGnbezCrz0nzS/gNvYvUhvrXcR5Z84qe+qf6zx7C2ve03NtWHUt3P6PztWGrLvFnok2I+9VvbOXMp4vEWeth31y8r4RvsiM94P0IeQ+iL+9RX2OyLae75V9o7m22r8TZ5hVB5FRrYVQNVg9/pnUudQ3eO9a2eIN33pAbMg68Tm+VTsOtw2vr7622reIbTsPAPF5yK+MYesJl2C7fA7OW4icRHVgq0NZzndi7i5WuyHfyj7lQ3hwD43ObbWz6nrEcVU+A0Vc39f1yfTmkX0tv4ux63Fu3UumvYXl/8m5IlZdC6//g3MVkXW32DPJdrl8FG/agw8fl4sYY3AvDdS5az3qk5f3QBxruz582MXi9b7Rz44N6a/nu7IHQhtzbY22Jla70b4LMqq1EKoGq8c/kzqX+2HTfHOkbup4cCSj/Ly328cuizxYUl1xkm2MHCby2mrfRMe3UY11wq+M7HeUhr8hp2Hs0XnDA0IK10DVV/sl1s2b23ooWVjzDPkmcxJKOcb4HlI+Wv406+Q4xliSVj6ssWNbOW577mNZ781Z4UdrL3XsLaw2p+ZKjMyV8fo/JFe6vxhjyC7mkxy2bd4jhu1z2FtWv6G91KsbWOtRn7y8Z5TPxbkaxx0Vqobv8bPMRyhiftk2+tG5pzPFnAlznoGxFiDnwwOharB6/DMxc5lu3P2AkYfN/rkWeeGmVl9NNw8EeQjtnx/6RjWxf2W+x76XeqzfeqP6dannKu1q3qGHdfp8INbNm/ueQ/4G34q8BGIbZw9ZPlr+DNZVPkgOfxTFOHt+mw9OTfQ/2e7NmbD7e8mwt7DanJjrYGSujNf/gbk6uNeeEbZj7hBP2OBFv8G95NQNrbXV3vLJy3sgtAl5PuqdlxwBOYblS8Oeaa3t4Uuo72GM6c6zMKY+MECoGqwe/0zaucyHZ1mKQyeSxEX8lo24sb0DobDvcx0H3Mhh0hxrgNi+IYiKsQb8ylg2a9yvzy1XxnhFfzVvPITV2PJgjn2tB4I60Ifm7mC1G/JN2au6kT0UctKZJzM034ZVd2DMFZDzhc/6QW7l4mBf07hGVjs5tudv/uytZ8vewmozOpfVpzdXxuv/qFx5/c/YM9IWfN4WP3wRGveAto3spZ4vo2t9xic9RqzL95v4orLql9uIPZ+RbfPnGWtjtbXwxsyMjvfm5Oe+B0LVYPX4Z+Ln0jhsFPtXn9s4spF382u7PBhHDo7eWF32A7bpqx7L8ytj2eShHe3bvPKBNDpv5bO6zmOrh0hlb83tjZ/RPkZGfFN9iofZzsgeKt80n/DRqPPemFT2OEbni4dkP+p0jKfXU8Ugx8tzdfdSx97CajM0l9XHmSvj9n9Erjrz32LPFLb9HD38kDZvL2WsuXLb0bUubB2fdJ71dZXjst9+n4wI1Y7vxbgJZ96mvxlrTKOON6o7vj7YQagarB7/TPxc+kJ1v9E7B1JG1hn2Q4ik8bJvusR5mmPJg7ImznGXX6pvJtpKPw9fhb2Zo9688SodvHlsOVDuK389VWX31qczfsbwccfzTdhSqYYf8jGvXyqjPpo+WHGUHOI5Fb2nCl/ieOW9ovuX7t6RMy9Xnr2F1WZoLqtPruvfj37/wG/nqjP/LfaMsoX9cuTBsF39D/WOyMvEuhNrfcKnraKR9923Zr8oJnM/JfZk2/jZWxsxfypHez1vb59kqj4b5jyqzaLkfHggVA1Wj38mU3IZb/RHfPU5IJoDmz/Ht5JWwDp8X42H7SF4OKvdjwBvwqg+QKgarB7/TGbkMrw5ar4xmcqgUN2+on+MP0/CGwjVx+0heDir3Y8Ab8KoPkCoGqwe/0zuymUUSFt/+TNGv8qYUP26LPZm7pWF6sP3EDya5e5HgDdhVB8gVA1Wj38m5BIAAAA0o/oAoWqwevwzIZcAAACgGdUHCFWD1eOfCbkEAAAAzag+QKgarB7/TMglAAAAaEb1AULVYPX4Z0IuAQAAQDOqDxCqBqvHPxNyCQVv8quu8r4+Cr9VAADgFPn89ECoGqwe/0zIJbwTUaS6v2gXAAA8RvUBQtVg9fhnQi7hfQi/Z5ff2QkAMINRfYBQNVg9/plUucy/gF2V4yWV9a3h+LedU52257/7fOvfrJffsvXmjrTGV/WyDPsmbKnkJvFvdcv2G8fbPadvxGiz/zUfx++hnAgavjTXL/2RBbPtvb6d9mXDiy3Mm/dcKtVfRTLmLdqo/uWy3r5Hds70z6K706fgd9eju8c9rLmrOu2/80VHa51G5jJiPfZA1V/dA9Wadeay7N4elnMdRY3XOiMjo/tlw/P/4OTawFuQ19sDoWqwevwzqXLZPFjTwVTZ8wGW6gq7/ktSqe31iVJex75hLPWALuyduavxG3/JyopxyDfVR+ZFfo7s/WN3r6/h5/5zlnK8DWscNycKb4zKHnwT11b/gDduRPnm9fH6a2JOg13mbc/tVYg6udZzFuuk9oS+tuK5t7/Xp4U1lpdPr09vj3u4/tRxxXWpRFhCjyd9c+c6swec/HtzVXaVc83QeKH/4J6qrhXefJF6jO7awNswqrUQqgarxz+TKpfGwdV7kAfb5VPUCXt8AyMPs+pBt1E9YNSDT853Yu4uVrsh38o+RV62/xYPv9h+sO/3d33gWz4O1FU50XhjVPYQl8iL1T/gjRsvB9ZL1nn9NXG9DOFUrONgrjOy77175Ib+bp8W1lhePt0+nT3u4Y1txlQLyiZeHmWdtwdanzOFr4aPnf5z7s/OfGf3izdf4N61gZdlVGshVA1Wj38mVS7TQZjr9yIOreIQ2w6rcFLJOtlfn2LhwNNfhVd9xVwRcSB6c/cOZIk1z5BvMiehlGNEUZJilp9H+kai/502lt9FnZETjTeGtsdrkdPW2N64lm9eH6+/prX+Vp+hXO+2vIx375Gh/oafvT4trDZF3Q3rES8be9wjjqNzc81PHMu0Gz+6IRHjHq44cx209kDVX+2pIifGG0tpL9r+wv0Z2cbd/IwunN0v3nzx8sa1gZcnr7MHQtVg9fhnUuXSOLj2gyod1sL+dUntZJ/Cvo0tD81bHtTyEPbmjg+e3xSqZZ8iL4HYJlzvD6/ywdnru8dYPEgtH506Mycab1xt13lpje2M6+2Vg4Z9PDZj/Ys+g7nOxD2VbPfukRv6u31aWG1E3U3rcVwbe9zDGTvmScd5BrlObhzOHpCf47hqT1Xj5/Fkqcf6lfszIs7Is/vFmy9e3rk28LJU+qABQtVg9fhnUuXSO7jy56/Pn8v1JKvt0bQfoMdX3fJhkpEPgthXPfxinbSPzt3Bajfkm7JXdenhHb+1Jx5uXl/r4WL50xunlRON54uyhy82ircmrbF7455ZL8s+Glvcb4ZNruNorg+UCNDt5NhePLf09/q06Ply63pEGnvcwxvbivMUYp1G5urtgaK/sae8/Mv++fPU+7NzRlp57PnrzRewxoQlGNVaCFWD1eOfSZVL6+CSB106KIuDXvbpHnL622TqOo99HKoNe2tub/yM9jEy4pvqYzwA9jdoak6vr34Q5Dh1H2uc3LaZE0VzjFRX2I2HdGvs5rgd35p9pP1EbBvlm+qNNEbzi6U8R67Ta1q0v3eP3NDf69PCGivHeut6JMw97uGOneKSvum1kvTWyZtLjxtt29yN/uV3hgbyL/vnsUf3sGWzxhvdU56/3nyRk2sDb0OlDxogVA1Wj38mVS6Pg7As13NvtxfnnjzYjIPPPOjz2HKg3Ff+6pXK3pk70hk/Y/i44/kmbKlUwzd97PeNOTpswTfxhihj+d2cz4pvozlGqsufv/Zxpb9l6YyRiXUd35p9pP1EbIlDSKWif47Oy7XuX8x/9x4Z2P9VbAN7WmON5eWz2WdgnORj82cWh8ZWcer2iuY6DczV3QNG/6K9l3/ZP37u5Fxj2arxts+tMzJyYr8k/462qly79tbGWXt4WfJ6eyBUDVaPfyZPlcveAf4qxBjEm55XpRfHO6wT3E5rb2z1x7e34Xd42L1nfKEMyzGqDxCqBqvHP5OnyuUbCKDwluct3iy0xEjgDdYJbqe5x78uvFX7bRCq8EBG9QFC1WD1+GfyVLl8ZQEUfd9yKX+OC+CdcPb41+UNvpPw7CBU4YGM6gOEqsHq8c+EXAIAAIBmVB8gVA1Wj38m5BIAAAA0o/oAoWqwevwzIZcAAACgGdUHCFWD1eOfCbkEAAAAzag+6ApVCoVCoVAoFArlt4rHf//+/fvRxRqIQqFQKBQKhUKZWSwdKkv3jeqqrB7/TMglAAAAaEb1AULVYPX4Z0IuAQAAQDOqDxCqBqvHPxNyCQAAAJpRfYBQNVg9/pmQSwAAANCM6gOEqsHq8c+kzuX+p/NyfV34M4lPy2/9ecVn/dO2d/v1/fP5ce3/deFPRgIAZPJz3wOharB6/DOpc9n5G89fl60tQhWehBkCOo6x3wP/oVIBAA5GtRZC1WD1+GdS5xKhCi/Cs77pBQB4A0a1FkLVYPX4Z1LnclCoZpHwGer2Mf77+Pw5NIMlImL/VGfZZZ1nt64D1RzJt6KoPpk8XiumSPh2sRhLJyrOf7Uf5iFfnLHT2jT7F/lo/QjHbg/f5tbjf39+2G8V5bjFHImjTvkvy5FH3UZ84ZPH6eU/ttltH5dLbH+5bH7rsSIDc8nB5d6JtNfjVP4AAF6QfPZ5IFQNVo9/JnUuzwjV0Dc//NNDPXeshEB+6Kc6SyjIOs9uXZ+dQxNtnZi8az12la+eL95cgbA2Ygw9ZnFtrKO0S98i+3xF+4zsp+cMjNYZMUVxl8Vo7LPZnfx/pEGjWAztkz1ea0HcnUv6l9ofdbq/yueZ/AEAvCCjWguharB6/DOpc3lOqBbt5MNfCYEgEi6fbXuk0z+i6+6dQxNtnZgqcbJh1WWqfHV8GRo7rI241mMW145Q1fZoa8Qh++k5A6N1Zq6EH7HPifzHax1Do21Ez3X1b2jvFJzIHwDACzKqtRCqBqvHP5M6l4bAyciHv/kgbwmBrT5Uyrr4eZ+7LB2hoOuG5nDGkJg2EVOI3/xWtDXHHs+RR8+XkbHjtRBDpj1fG+uo2sc3jKmB/Fwh+8XPes1CEX4EtG8bcQ6zb3pLavTp5l+3F9fn5jL2jil0S4bzBwDwguQz0wOharB6/DOpc2kInMyNQvXrktrJPlb/M3Z1fdMcGtPWEUqB3ngxX4O+jIyt22h7cW2so9k+rKfzbWvZT48RGKyLYk7HKLHG0fkfFOpn5jL3jp7LIrYfyB8AwAsyqrUQqgarxz+TOpdnhKolhKR9e+h/ff5cspKQQkB+zpyxy+tb59BEWyemGL/q2xU0tnA/kHUDY4efwcw/nxnRYxbXA0I1C6z4Le9WDBuyXzXGxmidFaMk9vH2lPBTjyftQ3Nt9jN7p2IwfwAAL8io1kKoGqwe/0zqXJ4TqlchtT+0j29/ZnvrDaAlBM7Yj+s75tDk8VoxeddKWBZiyfXFmyusixNLcT0iVENV+hZ50VAh+xljDNflmOR6VTna7E7+u/+YSrV152rtncbcOk9D+QMAeEFqfWCDUDVYPf6Z1Lk8I1S3h7r8VUKyUxICxThSCBSiIFHZ07hGiePeO4cm21oxRZJgadgP4ZLKYR7ypTF2bCfqq5LGOMbL4wjRHGj60FjvjOzXHGOgLqJilG1yn17+Y5vddv7XU+m5Onsn0l/riDVO6le8/QYAeDHy2eeBUDVYPf6Z3JzL6qH+KDpC+l7+LCaH6JcWYYl7fe6N/WjOxvIM6/VM+QMAmMioPkCoGqwe/0xuzuWfiQSEasGdPoc3wE/z5u9sLE+wXk+VPwCAiYzqA4Sqwerxz+TmXP6ZSFhQqP4GMdZt7eXPaP41ryRUnzF/AAATGdUHCFWD1eOfCbkEAAAAzag++O/fv38/uqwuLlaPfybkEgAAADRZH1g6VBZTQawuLlaPfybkEgAAADSj+gCharB6/DMhlwAAAKAZ1QcIVYPV458JuQQAAADNqD5AqBqsHv9MyCUAAABoRvUBQtVg9fhnQi4BAABAM6oPEKoGq8c/E3IJAAAAmlF9gFA1WD3+mZBLAAAA0IzqA4Sqwerxz4RcAgAAgGZUHyBUDVaPfybkEgAAADSj+gCharB6/DMhlwAAAKAZ1QcIVYPV458JuQQAAADNqD5AqBqsHv9MyCUAAABoRvUBQtVg9fhnQi4BAABAM6oPEKoGq8c/E3IJAAAAmlF98JxC9fvz5+O/j5/P73T9YP40fiP278+Pw6e96Nx8/3x+SLssf5fHQPYDAAAAIDOqDxCqBn8av4p9F6mXn6/9cufrEv27HJW7UP0wEmb2fyB1Lr9+LqnOKteYnpw/3qNN7vYr7KVr/6/LiTV51pzcyrvFA/CoPc29c54Fc5af+x4IVYM/jb+IfRegllAIAuK/j8+tRaAtVLMw/CsBWOfyb/15e2bcO3GMfd3+Y6EAAOAXGNVaCFWDP43fEKq2AJUgVCHxx/cOAADACKNaC6Fq8Kfx69jTt/lDaQvWtlCNb16f8Fv/Q0I15mLvX+WgsqUYm332HMn6o6g300d9z0m5TnrNAkfdDfPK9crjfF73wbVfQsT8cbnE9pdL/rlmvfYDc8nB4/6TdZ0cyf7CJ1nOfYHizSVsR+n46sWq68xrOZ685/Z9LW17kflQ80lG/OnlQ2P4uhflT2tfWf7ovSDOplAOd0ZiMfwr722n/z1ra9lFbPuPS0n7vrbW+bpjrX3dv7SrNiqXlV2i/c994/qd34f7M+JaxtZR51+U4IfsGz/X7YbPAu2HjDfbBs/HXJp7zbvu7TuPaqwNWXd8znOksYt+ylah/KuS7OxVy0dxb7gxnCT74IFQNfjT+BuxV/+gqtiAnUPjzI30C2Q/ruw3in9I1e2Kn7c18+T0yZh9Uw6PzvpaIcewxhutM+aJPufDNvaR62j7mQ/e46GT7NaPiPTnkv6l9ked7q/yLftbscYDb3Q/npgrU9SdjXVD1xXX3t6q7UV/az6J64+Op46vwBsvft76t/ZV1T/Zi/7CLtfWm9vLpdv/zrWt7Cq2jXjfpPHlZ5sQjxivGn9kb3TsmsKmxz63D6vYpC+WD7fUWfYzZ0HRX8UXbWHtGvvYyEd3r3WvnX3noccOyDplD2sTz3VZH/LWnE/7V/u750P4oH2qfFT3RmXfsOoGqfWBDULV4E/jH4p9v/muG3bfTO2v+P+OOpfJd7OIg2v7qrKKRubGvGGcPhmrzjo4e4ep68sd86YcxfMl9uk8eHT/eK0P8kbbiJ7r6l84hC+fos7yXyLtRtviAeFxZq6MrDsZa0TXyWt3b4mxM0V/Yz6JZZd1VjxmjAlvvPh53N9qL2ikL+7cd+by3rVVdjO23OYr/L+R44Mwt2hTzT+yN9Qc1RgCYSu/EA2c2IfWvBLLh1vqDPutZ0EVb7T14j35HOlde/vOQ48dcH3Z5jvq9+d8c66hM8LZq+p66Blg1Q2Sn/0eCFWDP41/NPai3esJVetmMw+veKPtY+wlxdzLU6tPxuob+uivVHtzSFv8LOcbn3eP2eprfDV9IHKo/dbtxfW5ubY5wgSyrjr0FLJt/KznEX55nJkrI+puyquus9o095axr2X/+Fn2C0U/MLQ9lNT/nv2ZqfzRfUUMhd3YC5lYt/t6xC7qzFgyzVwab4LE3GNra9nT+EUc7djyPNINk9i38/CXec0UbYzz2/DnINpSTJVzI/swfdb5N/eXsB9F+WX5Ws3pjNFD9tfxWnNbOWjtNd2/c+3uOw8ZR1EavgSU3915Rs6IeN3Zq8W1cW/Ez9L3XJTfg+T+HghVgz+Nv9oUjTwUtvcQqqVt/1zcAG5unD4Zq27kJpd4vgzWxcNPzysxfRB5igfZ2MFzZq6vSxpDjqfn0si22o+N/aDv9JecmSsj6m7Kq64rrr29JfduQtqN+Yp8GPai7p79mZF1Zl8Rg7Cbe0ET16vTrqgbuU9zG1l2+91rKz73Yotv78K89mF1Ra9NI5bm3kjs+6GOt6Lwf2tX5OLEPrzzHjvw6gz7qbNA9LffqKq5ixw4e03371y7+87D8rXnS16fo955zo+cEd5eFdfmvaHbB6y6QfJe90CoGvxp/Cr2/bDUudBvHN5QqFo3XbxxUy6sPeL1ybT6mnWNw1SOYY03WmfNK4l9rAePFDjCRz2etA/Ntdm/Pn8uuVGuC5fys4XX1usvOTNXRtaNxtrqr6/DeN29dUIgZM7YrXhi3cD+zFTzeftqa9vaCxUifqudrHNzaaD7j7bNyLr8uRfbkdveebUTzuji7K3md/bGcS3aVGMICts+9nX+E/uwN0fAst9SN9qnRdFWxRttVrzizDvzHOlde/vOQ48dkHWFfX+mx7gqHxr3vOWfau/u1Xx95hlg1Q0yqrUQqgZ/Gr8Re/2Vthal7yFUi6+y9U0X8xLGSnXWHvH6ZMz9ZYv/5tsUOYY13mhdnkcepjKO2CfEkA8b28+89vsXNld7vNYxeXNJe+GzPfdxLdtasapDs8+JuTKWr91Ye/3Vtbu3TgiERLHfDXtZ5+RD440XPwf/G/sq21t7Qa/lmdy6uTQoxrxzbfN8zX2u1lLHWhDaduaKOHtD5z5QjSHQtiKfZ/ahkcfUP54nlg+31Fn2bk4Vun+11mHvNPZxkZuNo33Dt+61s+889NgBWSc/y/wYPtjPer2P9PXAXo3XKsaWjxmrbpBaH9g8p1D9Y1aPfyZ1LveDMNeXpTy4DtEVS7gRxCHcuDm6fTLNGyvd2Ll/0Ulxy807Oq9sk/vIX7+i/Yptdtv5X0+l5/Jy1cmRbCt8kuXafB+n/8XV4FwZz1cj1qutLHEqNV57b+V5VK5lf3M+7Y+4DlR1nXxovPHy59a+ivb+XtBfQB9tvbk3hu5TSTWmt7ad+ePndmzRt0K8pbm0c2mcqw+6hPH8vbHnouOvxrDtPl9+LkP7UPbVeRT3pOXDLXXxczlHKNd07j40zwJj/GONsq1zPnb3WsO3uuScdvbdDXHUebr611yHrjhW/uVcuHFKH9r3RuVLwKobJM/vgVA1WD3+mZDLOzl7CNxxaDyczdfj20tPgyOY3oVX2ifPSsyh/kIwQX7PcetZ8Ig899ZZc2scv00vhkfksMGoPkCoGqwe/0zI5Z2cPUT+8NA5zdfFeaP6FyBUYZAnffi/JLeeBY/Ic2+dNU95pm086V4d1QcIVYPV458JubyTs4fIHx46Z/m6DB7+DwWhCvBobj4LHrGP4xxj/j3nmfa8jOoDhKrB6vHPhFwCAACAZlQfIFQNVo9/JuQSAAAANKP6AKFqsHr8MyGXAAAAoBnVBwhVg9Xjnwm5BAAAAM2oPkCoGqwe/0zIJQAAAGhG9QFC1WD1+GdS5fJZ/7Xx3X6FX7R87R9+yfTb/8txAACAGxnVWghVg9Xjn8nL5HKGgI5j7PF2/2oQAADA4ozqA4Sqwerxz+Rlcvmsb3oBAADekFF9gFA1WD3+mVS5lILQEodHnf6byqIcf4dbtxG/bDmPI/8GdPH3uzdim912/m/kG3PJwau/x9z4G8wtYv9r+6K58DuX8u9CS1vys9dnaxF+yb207SX5b8UnsexVXSf+ls9ncmbEtxcVQ2s/WDHoNWytidVX1xn+lWvm9D+7/2TdyPgqtr2oPgAAE8lnjQdC1WD1+GdS5fLsAzRg1eUHtxAv35+byMziI/YJcyvRc1UX8TqLhfAzpdHXZI/XWhB355L+ZVGR63R/568f6fGiiMhx1H2jL4Ug1bly+hj2YhxzTIFlL+rs3B/X5vhOH43nQ/y89W/th6p/shf9hV2uiTe3l3+3fx17f/9tyLohe2f9AQB+gVGthVA1WD3+mVS5PPMAzVh1hXjLCEEQ+3Qevrp/eqN0tO+1jei5rv4FEXH5FHWW/2coRNH3Lk4kcnxrLq+PjCXjjSkx5xR1Vv6KmIz+Xh+N50P8PB5jtYYaz/9i7Dvzb8bd3n+RYv4Ruxrf6gMAMJFRrYVQNVg9/plUuawekLu9LJ2HamJ/I2X1TW9JzQeteLiHh3/vW7/i+txc2xxhAlnXE1g94hj7PIWICcQxpS9pLh2HpNVH5iUjxxF+XIuIx7SHIuKXuQ5U4yufvT4ay+bNIeMu7MYaZmLdHt+RL1Fnxp9p5t94WyzmHtt/lj2N7/q3z3/8KEJAzA8A8Bvks8gDoWqwevwzqXIpH4DWw3CwLj68tZCRmA9aJVQrsSXai+szc31d0hhyPD3XWWL/7NseQyGC5Fw6jojTR+Yl44y5i6cUkzWnrPNEp9Xf66PxfDD7iriF3VxDjVwTb243/4HcRpbdftNel3Wufzu1IFZ9AAAmks8aD4Sqwerxz6TK5Q0PULOuEG8GsY8lvqS4EuJRjyftQ3Nt9q/Pn0tulOvCpfx8E0JQWQLOE01eHzl+xvP/jN3KX6zrCF2vj2bIR28/bG1ba1hhi9wDWRf87ubfQPcfbZuRdZ79uBb5sfoAAExkVGshVA1Wj38mVS7PPkAD5kMzfbtUCgD5QI99wtxZ2Ohvr5bf7jT/MZVq684l7YXP9tzFt3olcWwhyORcWrQccUpfhD3g9ZGiKyPHMcY89UbVi9/qfzZnng/xc4i5sR+yvbWGvTXx5nbzb1CMmXzt7j81lqzz7FZurT4AABMZ1VoIVYPV459JlctTD9BE86GZHrBpjloMbNfy1xFpkRPb7Lbzv55Kz9URehHVvyW4EvrbsLL5IapjCXM4b/c22n2yXypeOY7IUznG3tSc80z8DZ+7fTSeD/lzaz9Ee38Nm2vizb3RXTOLakxv/3Xmd+y7b53+ae7iZ1gBAO4kn2ceCFWD1eOfyZ/l0no49zjbHl4L1hcA4KkY1QcIVYPV45/Jn+USoQoS1hcA4KkY1QcIVYPV45/Jn+USoQoS1hcA4KkY1QcIVYPV458JuQQAAADNqD5AqBqsHv9MyCUAAABoRvUBQtVg9fhnQi4BAABAM6oPEKoGq8c/E3IJAAAAmlF9gFA1WD3+mZBLAAAA0IzqA4Sqwerxz4RcAgAAgGZUHyBUDVaPfybkEgAAADSj+gCharB6/DMhlwAAAKAZ1QcIVYPV458JuQQAAADNqD5AqBqsHv9MyCUAAABoRvVBV6hSKBQKhUKhUCi/VTz++/fv348u1kAUCoVCoVAoFMrMYulQWbpvVFdl9fhnQi4BAABAM6oPEKoGq8c/E3IJAAAAmlF9gFA1WD3+mZBLAAAA0IzqA4Sqwerxz4RcAgAAgGZUHyBUDVaPfyZ1Lr9+LqnOLpetxZvy/fnz8d/Hz+d3un5mXsnXl+b75/Pjmuevy38/l7e9AQAAruTnvgdC1WD1+GdS53IXqubD+OuytX1jofqSBCH138/H52d73eA+4hcF+33yHwkGgEUY1VoIVYPV459JnUuEKgAAwOqMai2EqsHq8c+kzuWgUM3fev4MdfsY/318/hzfiba+NR37pzrLLus8u3UdqOZIvhVF9cmcmb8xdpm3/W3n1S5Efh6rlb+I6i8H93yVxJxcxyl8NOL4OAZq/RiInKsVY65X+yX2EzbL96quk4dIy659E+XItW5jrJH0Te4vAIA3Jp+LHghVg9Xjn0mdyzNCVT7Y0wM/d2yKjVTnCRTPbl2fnUMjbV5fyy7zo/Ox8f35cRVIsX8nf9W1WhfPl4y2FT7Wax197NjL8ZwYN8LPdEbhK/sFH4o8KN+7c5zMU8aap+obmuk1kn1S+2ocAID3Y1RrIVQNVo9/JnUuzwnVop18sKuHfBAAl8+2PdLpH9F1986hkTavr2EvRF4hCDMit7H/eP4qzrSVFGv4vQsySTGWI1S9GAOx/dbm6LeLvdKufPfmqPah6m9htRtao2ufan8BALwxo1oLoWqwevwzqXN5RqjqB3brIb/Vh0pZFz/vc5dF2tX4um5oDmcMSdXX869hi+YgWrV9L9UbxgORP1NECSpf9VgK4W+1tnEu6WMey9gLYi43xowav7AJv8qSfAh9xRvaiIzXy1PGyNG5NTL2FwDAG5PPQw+EqsHq8c+kzqUhTjJSFJgPbNFX2L8uqZ3sY/U/Y1fXN82hOdPXsMs3qvGzFlgS049fFKqZOG5uu88nBXY5lrEXhN2NMZDjOPrtb1QPsWr5LutC/98UqoNrZO4vAIA3ZlRrIVQNVo9/JnUuzwhVS8RI+/ZA//r8ueSnunzIWw/8M3Z5fescmjN9PXshCA1i24H8dft3fGmixLAWaoXffaHqxriNfHybv+rXidObw+tvYbXz/M99WvsLAOCNGdVaCFWD1eOfSZ3Lc0L1+jZL/cOUbJdCSD7krQf+GftxfcccmjN9LbvMT86H9E0Ko9i/kz/v2vMlU/i0IX2QnwOHT7nOEapejHJuo1/zRyCsOUbzUl0nrHlyW2+NWvsLAOCNGdVaCFWD1eOfSZ3LM0J1e2DLX68kO6WHfDGOfMhbD/zKnsY1Shz33jk0Z/rGzw2/DpIQOuxivDxWK38R1V/aPV8F+mcx5TDhX+VfbWGMvP55biFyA9VcrRj3cZrf4s+C8Mvw3ZvjTJ4yzRy1/A+m0Kezv1Lf4mduAQDehHwueiBUDVaPfyY357L54P9tOkL6lfiz/AEAAPiM6gOEqsHq8c/k5lwiVO8DoQoAAE/MqD5AqBqsHv9Mbs4lQvU+EKoAAPDEjOoDhKrB6vHPhFwCAACAZlQf/Pfv378fXVYXF6vHPxNyCQAAAJqsDywdKoupIB4vLvS/jBXlD74Hm+f+G07kovj2bqffH34LOPsAAAAAkBnVB08lVOtfw5LEl/w9gw/g8fFLTuTCEKrWr7KRf9Ho0fxtLgEAAOAZGdUHTy5UA4//xy2Pj19yIheDQvUv/4HQ3+YSAAAAnpFRffACQjXosY+H/gjA4+OXnMgFQhUAAABekFF98BJCNf6VmQd++//x8UtO5GJQqO5/HYhv/QMAAMBzMKoPXkeoPlBoPT5+yYlcDP9jqr8RqYHsAwAAAEBmVB+8jlDljerODW9U/5K/zSUAAAA8I6P64CWEavzWNT+jGilygVAFAACAF2RUH7yAUOVf/V+59V/9/x1/m0sAAAB4Rkb1wZML1b3+kd/2Dzw+fsmJXCBUAQAA4AUZ1QdPJVTzvLL8hfDKc/8NJ3KBUAUAAIAXZFQfPIlQfS5Wj38mrVzuvzIrlyy2X4jii4T3Z//rZnLNtvLg73T8Cg9bx86PMD34t5rAZBY7CwBmkZ8lHghVg9Xjn4mVyyhSpciJD2oO+mfl0X9w4z1BqAIASEa1FkLVYPX4Z1Ll0nz78Jw/tgCBILAQUfeDUAUAkIxqLYSqwerxz2Qsl4ZQjYJ275vL1b4/9KVtL1IA65/1zUIg16frQjgLmyWoZV1lV/NdfzWD8kOU8FbZmqeH59dxXc7V/SKg1z7Ygp9RTPXGuzP+TzG+/pECzz8Ze/azlVtd1+pflN2+//iDHG/fh93cHpwRqjpnwpZzUQ2U++jY5Di1r+WP4DT8y6jcFG27cz3B/RpRczRzqO3aN1G8e1jbvOubfdzo+WGh28t7J1acnEvW9cbOtt49r+eu9oNRRu/55tjwaPIaeCBUDVaPfyYjuWwJgPJcDG3ygWI89IvDKB1EokHsLw7D8ICOD1LZLxymuY134HXna4gSb8wR3DG83Gmc9oc4kf33Plchcm/8cnx/rMK/XuxurtR18qXwW7WXv8dYfvZp5CQQc9yKP7gg9m7ysbxfNqp6J28blf9W/BmVh9Jnby4j9mK8B9yv1RzedWO93HkU2ta9vtPHnh8WRXsdrzO3NZes640dbdtYzT2vr0OXcj9EPB8yRd3g2PAQRrUWQtVg9fhn0s3lIYLUm57v7/rQ6B18AWkvHqIZ67Dc2hz99gOstHcOvNbnHt6YI3hjuLlTeO3TGhW5Dsgcj8bQ9L2zlp5/4nMUXvKB05xP1FVjqX3Tav9ltO2y77+83+uSxvL2bpr/cvko7pnwsP24XK6+DuXtjP+KYv1f4H615pi6hxt9ta13fa+Pnl0j2lf3zi2+yLre2NF2534IeD5kbhkbHkI+/zwQqgarxz+T0VzGw8w8GPf+e8kHUP/Q2t/myH7XUghiNX4plsN4Zd+9JB/cw8+geYjqOTpjeX5lmrlr0Grfim1q/No3Y31b/sl86CfNyHzF9S5+6n1QjpH317kHW+dhKPLn7t3Dn2284+Efxt76W/F211XUj75RinPsfapYWnNZsQtfH3K/hr46RpmvOPbMPZzQtt71vT7Gtjr+wfZ6MT1fzLlCMex6bDnOwXWPDO8HaxzHr+Gx4SHk3HsgVA1Wj38m47mUD7P98/VBt1EcSgMPPu/Bmw/9o58SKc1DMNXJz5Mfcvth2hjPHcPLncZpHz8bvsg2k+PPPg3tBfH57jeqifphVtr3L6q2oh/AXYw9mxH5c/duEW/yK/QPAxexOHkbXbMWsf/gXFbswv6Q+zX07wmv0Xx482i0rXd9r4+GH6NniflGteeLMVfLPnRfij0ytB8Cng8ZUTc8NjyEfMZ6IFQNVo9/JlUuzUMqIB5m1iEZD+ncr//gK9taiG8bVv3Soe4ceM3PPbwxM73xvPZu7hRu+5Bro6+XK4um79ZaprE9/4ox930xLF6a18IfbT/iNvZgl057mUsZm4X0J7TdBgxCII6rbcN5uwURjzeXFbv2tevLhPvVmsPrb+HNo9G23vW9Plr2Xp/Cpu6dW3yRdb2xo83aD4P3QMbzISPrRseGhzCqtRCqBqvHPxMrl/sbqXQoJYqvuvVhkg62a53z4EsPtuLhKcdsHrjiLY134FnzHQ7p64Q3ZmL0LciBrHNzpxhoX/mT2hwPnrvjD/Pl8VVfzz89pmzfnE+Pl68Nvwu72ndyH7kYezZTjJN8aO1dw5+jrbR5ebPmSeNd11WgY5Xju3M9wf2a5zicOHudcOdRaFv3+k4fDT9OnSXFOp6fq6jrjR1t21h6z+u5Wvsh4/mQKeoGx4aHMKq1EKoGq8c/k1Yud7EqSvHA1PZwiOSHXTpo9OFbHVC5nRwj1KuHse6XD634j2XkeBuyrTffcegKqj4bsU70i0W1kTTHuNa1c7fbNSPt9wfetV0tZu6Jf6uTv6pG9e36Z4wZ24f9FG2yb1l0/32ehn/ZXuzTFPM+UPxsirxIZw3inpP7ubV3g6mMN/jU2svdvEX0PD3/w/DlHpCxtOfKc/zx/RpRc1SL4dk3qjE3rLpMtIkxm0WJtlx/xkdzroZfAcPvco97c3Xy0Bs72zr3fDW3nivg+ZCp6npj77befQDzyGvggVA1WD3+mZBL6GI9WH6djmgEeDTxHlBC/p35k3senpFRfYBQNVg9/pmQS+iCUIXVQajCoozqA4Sqwerxz4RcQheEKqwOQhUWZVQfIFQNVo9/JuQSAAAANKP6AKFqsHr8MyGXAAAAoBnVBwhVg9Xjnwm5BAAAAM2oPkCoGqwe/0zIJQAAAGhG9QFC1WD1+GdCLgEAAEAzqg8Qqgarxz8TcgkAAACaUX3QFaoUCoVCoVAoFMpvFY///v3796OLNRCFQqFQKBQKhTKzWDpUlqaUDcaVWT3+mZBLAAAA0IzoA4RqA8TVPMglAAAAaBCqd4C4mge5BAAAAA1C9Q4QV/MglwAAAKBBqN4B4moe5BIAAAA0CNU7QFzNg1wCAACABqF6B4ireZBLAAAA0Pj64Ofnfwl9r3sRCtc3AAAAAElFTkSuQmCC\" /></p>\r\n\r\n<p>Тут ми розглянули п&#39;ять принципів SOLID, яких слід дотримуватись кожному ООП-розробнику. Спочатку це може бути непросто, але якщо цього прагнути, підкріплюючи бажання практикою, дані принципи стають природною частиною робочого процесу, що робить величезний позитивний вплив на якість додатків і значно полегшує їх підтримку. Про кожного з них можна прочитати у наступних розділах.</p>\r\n', 'SOLID'),
(5, 5, 'pages/a_1.php', 'Що таке ООП? Опишіть основні принципи ООП.', '<p><em>Об&#39;єктно-орієнтоване програмування - це парадигма програмування, в якій основними концепціями є поняття об&#39;єктів та класів. У мовах з прототипуванням (наприклад, JavaScript) замість класів використовуються об&#39;єкти-прототипи.</em></p>\r\n\r\n<p><em>Основні принципи ООП:</em></p>\r\n\r\n<p><em>1) <strong>Інкапсуляція.</strong> Це механізм, який об&#39;єднує дані та методи, що маніпулюють цими даними, і захищає їх від зовнішнього втручання або неправильного використання. Коли методи та дані об&#39;єднуються таким способом, створюється об&#39;єкт. Тобто. змінні стану об&#39;єкта приховані від зовнішнього світу. Зміна стану об&#39;єкта (його змінних) можливе ТІЛЬКИ за допомогою його власних методів. Можна сказати, що інкапсуляція має на увазі під собою приховування даних, що дозволяє ці дані захистити.</em></p>\r\n\r\n<p><em>2) <strong>Успадкування.</strong> Це процес, з якого, один об&#39;єкт може успадковувати властивості іншого об&#39;єкта і додавати до них риси, характерні лише для него.</em></p>\r\n\r\n<p><em>3) <strong>Поліморфізм.</strong> Це властивість, що дозволяє одне й теж ім&#39;я використовуватиме вирішення кількох технічно різних завдань. Простіше кажучи, концепцією поліморфізму є ідея &quot;один інтерфейс, безліч реалізацій&quot;. Це означає, що можна створити спільний інтерфейс для групи близьких за змістом дій.</em></p>\r\n', 'Питання 1'),
(6, 2, 'pages/i_2.php', 'Що таке обєкт у PHP?', '<p>У попередньому розділі ми обговорили базову структуру класу PHP. Тепер, коли ви хочете використовувати клас, вам потрібно його інстанцувати, кінцевим результатом чого буде об&#39;єкт. Таким чином, ми можемо думати про клас як про проект, а об&#39;єкт &ndash; це реальна річ, над якою ви можете працювати.</p>\r\n\r\n<p>У контексті класу <code>Employee</code>, створеного в попередньому розділі, погляньмо, як створити поняття об&#39;єкта цього класу.</p>\r\n\r\n<pre>\r\n<kbd>&lt;?php\r\n$objEmployee = new Employee(&#39;Bob&#39;, &#39;Smith&#39;, 30);\r\n\r\necho $objEmployee-&gt;getFirstName(); // print &#39;Bob&#39;\r\necho $objEmployee-&gt;getLastName(); // prints &#39;Smith&#39;\r\necho $objEmployee-&gt;getAge(); // prints &#39;30&#39;\r\n?&gt;</kbd></pre>\r\n\r\n<p>Якщо ви хочете створити поняття об&#39;єкта будь-якого класу разом з його ім&#39;ям, потрібно використовувати ключове слово <code>new</code>, і ви отримаєте нове поняття об&#39;єкта цього класу.</p>\r\n\r\n<p>Якщо клас визначив метод <code>__construct</code> і потрібні аргументи, вам потрібно передати ці аргументи при створенні екземпляра об&#39;єкта. У нашому випадку конструктор класу <code>Employee</code> вимагає три аргументи, тому ми їх передали, коли створювали об&#39;єкт <code>$objEmployee</code>. Як говорилося раніше, метод <code>__construct</code> викликається автоматично при інстанціації об&#39;єкта.</p>\r\n\r\n<p>Потім ми викликали методи класу для об&#39;єкта <code>$objEmployee</code>, щоб відобразити інформацію, ініціалізовану під час створення об&#39;єкта. Звичайно, ви можете створити кілька об&#39;єктів одного класу, як це показано в наступному фрагменті.</p>\r\n\r\n<pre>\r\n<kbd>&lt;?php\r\n$objEmployeeOne = new Employee(&#39;Bob&#39;, &#39;Smith&#39;, 30);\r\n\r\necho $objEmployeeOne-&gt;getFirstName(); // prints &#39;Bob&#39;\r\necho $objEmployeeOne-&gt;getLastName(); // prints &#39;Smith&#39;\r\necho $objEmployeeOne-&gt;getAge(); // prints &#39;30&#39;\r\n\r\n$objEmployeeTwo = new Employee(&#39;John&#39;, &#39;Smith&#39;, 34);\r\n\r\necho $objEmployeeTwo-&gt;getFirstName(); // prints &#39;John&#39;\r\necho $objEmployeeTwo-&gt;getLastName(); // prints &#39;Smith&#39;\r\necho $objEmployeeTwo-&gt;getAge(); // prints &#39;34&#39;\r\n?&gt;</kbd></pre>\r\n\r\n<p>Наступне зображення є графічним уявленням класу Employee та деяких його екземплярів.</p>\r\n\r\n<p><img alt=\"\" src=\"https://cms-assets.tutsplus.com/cdn-cgi/image/width=600/uploads/users/413/posts/31910/image/object_instantiation.png\" style=\"height:384px; width:600px\" /></p>\r\n\r\n<p>Простіше кажучи, клас &ndash; це проект, який ви можете використати для створення структурованих об&#39;єктів.</p>\r\n\r\n<p>&nbsp;</p>\r\n', 'Об\'єкт у PHP');
INSERT INTO `chapters` (`id`, `id_chapter`, `page`, `name_paragraph`, `description`, `name`) VALUES
(10, 3, 'pages/u_2.php', 'Концепція успадкування.', '<p>Спадкування є важливим аспектом парадигми об&#39;єктно-орієнтованого програмування, що дозволяє успадковувати властивості та методи інших класів, розширюючи їх. Клас, який успадковується, називається <strong>батьківським класом</strong>, а клас, який успадковує інший клас, називається <strong>дочірнім класом</strong>. Коли ви створюєте екземпляр об&#39;єкта дочірнього класу, він також успадковує властивості та методи батьківського класу.</p>\r\n\r\n<p>Давайте подивимося на наступний скріншот, щоб зрозуміти концепцію спадкування.</p>\r\n\r\n<p><img alt=\"\" src=\"https://cms-assets.tutsplus.com/cdn-cgi/image/width=600/uploads/users/413/posts/31910/image/inheritence.png\" style=\"height:384px; width:600px\" /></p>\r\n\r\n<p>У прикладі вище клас <code>Person</code> є батьківським класом, а клас Employee розширює або успадковує клас <code>Person</code>, тому називається дочірнім класом.</p>\r\n\r\n<p>Спробуймо розібратися на реальному прикладі, щоб зрозуміти, як це працює.</p>\r\n\r\n<pre>\r\n<kbd>&lt;?php\r\nclass Person\r\n{\r\n    protected $name;\r\n    protected $age;\r\n\r\n    public function getName()\r\n    {\r\n        return $this-&gt;name;\r\n    }\r\n\r\n    public function setName($name)\r\n    {\r\n        $this-&gt;name = $name;\r\n    }\r\n\r\n    private function callToPrivateNameAndAge()\r\n    {\r\n        return &quot;{$this-&gt;name} is {$this-&gt;age} years old.&quot;;\r\n    }\r\n\r\n    protected function callToProtectedNameAndAge()\r\n    {\r\n        return &quot;{$this-&gt;name} is {$this-&gt;age} years old.&quot;;\r\n    }\r\n}\r\n\r\nclass Employee extends Person\r\n{\r\n    private $designation;\r\n    private $salary;\r\n\r\n    public function getAge()\r\n    {\r\n        return $this-&gt;age;\r\n    }\r\n\r\n    public function setAge($age)\r\n    {\r\n        $this-&gt;age = $age;\r\n    }\r\n\r\n    public function getDesignation()\r\n    {\r\n        return $this-&gt;designation;\r\n    }\r\n\r\n    public function setDesignation($designation)\r\n    {\r\n        $this-&gt;designation = $designation;\r\n    }\r\n\r\n    public function getSalary()\r\n    {\r\n        return $this-&gt;salary;\r\n    }\r\n\r\n    public function setSalary($salary)\r\n    {\r\n        $this-&gt;salary = $salary;\r\n    }\r\n\r\n    public function getNameAndAge()\r\n    {\r\n        return $this-&gt;callToProtectedNameAndAge();\r\n    }\r\n}\r\n\r\n$employee = new Employee();\r\n\r\n$employee-&gt;setName(&#39;Bob Smith&#39;);\r\n$employee-&gt;setAge(30);\r\n$employee-&gt;setDesignation(&#39;Software Engineer&#39;);\r\n$employee-&gt;setSalary(&#39;30K&#39;);\r\n\r\necho $employee-&gt;getName(); // prints &#39;Bob Smith&#39;\r\necho $employee-&gt;getAge(); // prints &#39;30&#39;\r\necho $employee-&gt;getDesignation(); // prints &#39;Software Engineer&#39;\r\necho $employee-&gt;getSalary(); // prints &#39;30K&#39;\r\necho $employee-&gt;getNameAndAge(); // prints &#39;Bob Smith is 30 years old.&#39;\r\necho $employee-&gt;callToPrivateNameAndAge(); // produces &#39;Fatal Error&#39;\r\n?&gt;</kbd></pre>\r\n\r\n<p>Тут важливо відзначити, що клас <code>Employee</code> використав для спадкування класу <code>Person</code> ключове слово <code>extends</code>. Тепер клас <code>Employee</code> може отримати доступ до всіх властивостей та методів класу <code>Person</code>, оголошених як public або protected. (Він не може отримати доступ до ntv, які оголошені як private.)</p>\r\n\r\n<p>У прикладі вище об&#39;єкт <code>$employee</code> може отримати доступ до методів <code>getName</code> і <code>setName</code>, визначених у класі <code>Person</code>, оскільки вони оголошені як public.</p>\r\n\r\n<p>Потім ми звернулися до методу <code>callToProtectedNameAndAge</code>, використовуючи метод <code>getNameAndAge</code>, визначений у класі <code>Employee</code>, оскільки він оголошений як protected. Нарешті, об&#39;єкт <code>$employee</code> не може отримати доступ до методу <code>callToPrivateNameAndAge</code> класу Person, оскільки він оголошений як <code>private</code>.</p>\r\n\r\n<p>З іншого боку, ви можете використовувати об&#39;єкт <code>$employee</code> для встановлення властивості <code>age</code> класу <code>Person</code>, як ми це робили в методі <code>setAge</code>, який визначений у класі <code>Employee</code>, оскільки властивість <code>age</code> оголошено як protected.</p>\r\n\r\n<p>І так, це було коротке введення в спадкування. Воно допомагає скоротити дублювання коду і, отже, сприяє його повторному використанню.</p>\r\n', 'Успадкування'),
(11, 3, 'pages/u_3.php', 'Перевизначення методу.', '<p>Поліморфізм - ще одна важлива концепція у світі об&#39;єктно-орієнтованого програмування, що відноситься до здатності по-різному обробляти об&#39;єкти в залежності від їх типів даних.</p>\r\n\r\n<p>Наприклад, у контексті спадкування, якщо дочірній клас хоче змінити поведінку методу батьківського класу, він може перевизначити цей метод. Це називається перевизначенням методу. Давайте швидко розглянемо реальний приклад, щоб зрозуміти концепцію перевизначення методу.</p>\r\n\r\n<pre>\r\n<kbd>&lt;?php\r\nclass Message\r\n{\r\n    public function formatMessage($message)\r\n    {\r\n        return printf(&quot;&lt;i&gt;%s&lt;/i&gt;&quot;, $message);\r\n    }\r\n}\r\n\r\nclass BoldMessage extends Message\r\n{\r\n    public function formatMessage($message)\r\n    {\r\n        return printf(&quot;&lt;b&gt;%s&lt;/b&gt;&quot;, $message);\r\n    }\r\n}\r\n\r\n$message = new Message();\r\n$message-&gt;formatMessage(&#39;Hello World&#39;); // prints &#39;&lt;i&gt;Hello World&lt;/i&gt;&#39;\r\n\r\n$message = new BoldMessage();\r\n$message-&gt;formatMessage(&#39;Hello World&#39;); // prints &#39;&lt;b&gt;Hello World&lt;/b&gt;&#39;\r\n?&gt;</kbd></pre>\r\n\r\n<p>Як бачите, ми змінили поведінку методу <code>formatMessage</code>, перевизначивши його в класі <code>BoldMessage</code>. Важливо те, що повідомлення форматується по-різному залежно від типу об&#39;єкта, будь то екземпляр батьківського або дочірнього класу.</p>\r\n\r\n<p>(Деякі об&#39;єктно-орієнтовані мови також мають свого роду перезавантаження методів, яка дозволяє визначати кілька методів класу з одним і тим же ім&#39;ям, але з різною кількістю аргументів. Це не підтримується безпосередньо в PHP, але існує кілька обхідних шляхів для досягнення аналогічної функціональності.)</p>\r\n', 'Поліморфізм'),
(12, 3, 'pages/u_4.php', 'Особливості абстракції.', '<p>В ООП все крутиться довкола абстракції. Існують фанатики, які стверджують, що абстракція має бути частиною ООП-трійці (інкапсуляція, поліморфізм, спадкування). Абстракція притаманна будь-якого програмування, а не тільки ООП, тому вона повинна стояти окремо. З іншого боку, те саме можна сказати і про інші принципи, але з пісні слів не викинеш. Так чи інакше, абстракція потрібна, і особливо ООП.</p>\r\n\r\n<p><strong>Рівень абстракції.&nbsp;</strong>У нашому прикладі з інтерфейсами ми впровадили шар абстракції між трансформерами та комплектуючими, зробивши архітектуру більш гнучкою. Але якою ціною? Нам довелося ускладнити архітектуру. Мій психотерапевт говорив, що вміння балансувати між простотою архітектури та гнучкістю програми &ndash; це мистецтво. Вибираючи золоту середину, слід спиратися як на власний досвід та інтуїцію, а й у контекст поточного проекту. Оскільки майбутнє людина бачити поки не навчилася, потрібно аналітично прикинути, який рівень абстракції і з якою ймовірністю може стати в нагоді в даному проекті, скільки часу знадобиться на опрацювання гнучкої архітектури, і чи окупиться витрачений час у майбутньому.</p>\r\n\r\n<p>Розгляньмо визначення рівня абстракції з можливих варіантів на прикладі гіпотетичної гри &laquo;трансформери-онлайн&raquo;. Рівні абстракції в даному випадку будуть виступати як шари, кожен наступний шар, що розглядається, буде лягати поверх попереднього, забираючи з нього частину функціоналу в себе.</p>\r\n\r\n<p><strong>Перший рівень.</strong> У грі є один клас трансформера, всі властивості та поведінка описані у ньому. Це дуже дерев&#39;яний рівень абстракції, підходить для казуальної гри, яка не передбачає ніякої особливої ​​гнучкості.</p>\r\n\r\n<p><strong>Другий рівень.</strong> У грі є базовий трансформер з основними здібностями та класи трансформерів зі своєю спеціалізацією (типу розвідник, штурмовик, сапорт), що описується додатковими методами. Тим самим гравцеві надається можливість вибору, а розробникам спрощується додавання нових класів.</p>\r\n\r\n<p><strong>Третій рівень.</strong> Крім класифікації трансформерів вводиться агрегація за допомогою системи слотів та компонентів (як у нашому прикладі з реакторами, гарматами та радарами). Тепер частина поведінки визначатиметься тим, який стаф гравець встановив у свого трансформера. Це дає гравцеві ще більше можливостей для кастомізації ігрової механіки персонажа, а розробникам дає можливість додавати ці модулі розширення, що в свою чергу спрощує роботу гейм-дизайнерам з випуску нового контенту.</p>\r\n\r\n<p><strong>Четвертий рівень.</strong> У компоненти також можна включити власну агрегацію, що надає можливість вибору матеріалів і деталей, з якого збираються ці компоненти. Такий підхід дасть гравцеві можливість не тільки набивати трансформерів потрібними комплектуючими, а й самостійно виготовляти ці комплектуючі з різних деталей. Зізнатися, такий рівень абстракції я в іграх ніколи не зустрічав і не без резону! Адже це супроводжується значним ускладненням архітектури, а регулювання балансу у таких іграх перетворюється на пекло. Але не виключаю, що такі ігри є.</p>\r\n\r\n<p>Як бачимо, кожен описаний прошарок, у принципі, має право на життя. Все залежить від того, яку саме гнучкість хочемо закласти в проект. Якщо у технічному завданні нічого про це не сказано, або автор проекту сам не знає, що може вимагати бізнес, можна подивитися на схожі проекти у цій сфері та орієнтуватися на них.</p>\r\n', 'Абстракція'),
(14, 5, 'pages/a_2.php', 'Навіщо потрібна інкапсуляція? Як називається здатність об&#39єкта приховувати свої дані та реалізацію з інших об&#39єктів системи? Які механізми в ОО мовами зазвичай дають змогу забезпечити інкапсуляцію об&#39єктів?', '<p><em>Ніхто не застрахований від помилок, а людині тим більше властиво помилятися. Застосовуючи інкапсуляцію, ми, як би, зводимо купол, який захищає дані, що належать об&#39;єкту, від можливих помилок, які можуть виникнути при прямому доступі до цих даних. Крім того, застосування цього принципу дуже часто допомагає локалізувати можливі помилки в програмі, а це набагато спрощує процес пошуку і виправлення цих помилок.</em></p>\r\n\r\n<hr />\r\n<p><em>Здатність об&#39;єкта приховувати свої дані та реалізацію з інших об&#39;єктів системи є <strong>інкапсуляція</strong>.</em></p>\r\n\r\n<hr />\r\n<p><em>Такі механізми, як <strong>модифікатори доступу</strong>&nbsp;зазвичай дають змогу забезпечити інкапсуляцію об&#39;єктів.</em></p>\r\n', 'Питання 2'),
(15, 5, 'pages/a_3.php', 'Напишіть приклад реалізації поліморфізму.', '<pre>\r\n<kbd>class One {\r\n    function foo() {\r\n        echo &ldquo;Hello from class One!&rdquo;;\r\n    }\r\n    function callMe() {\r\n        $this-&gt;foo();\r\n    }\r\n}\r\nclass Two extends One {\r\n    function foo() {\r\n        echo &ldquo;Hello from class Two&rdquo;;\r\n    }\r\n}\r\n$Two = new two();\r\n$Two-&gt;callMe();</kbd></pre>\r\n', 'Питання 3'),
(16, 5, 'pages/a_4.php', 'Що таке область видимості змінної? Чим локальні змінні відрізняються від глобальних?', '<p><em>Область видимості змінної &ndash; це у програмі, у якому доступне значення змінної. Кожна змінна має свою область видимості (є локальні змінні та глобальні змінні).</em></p>\r\n\r\n<p><em><strong>Public.</strong> Метод/змінна доступні з будь-якого місця в коді.</em></p>\r\n\r\n<p><em><strong>Protected.</strong> Захищені методи або змінні доступні лише всередині класу, де вони були оголошені з його похідних класів. </em></p>\r\n\r\n<p><em><strong>Private.</strong> Закриті методи або змінні доступні лише усередині класу.</em></p>\r\n\r\n<hr />\r\n<p><em>Локальні доступні лише конкретній підпрограмі, глобальні &ndash; всій програмі. Обмеження зони видимості придумали як для можливості використовувати однакові імена змінних (що розумно, коли в різних підпрограмах змінні виконують схожу функцію), так і для захисту від помилок, пов&#39;язаних з неправомірним використанням змінних.</em></p>\r\n\r\n<p>&nbsp;</p>\r\n', 'Питання 4'),
(17, 5, 'pages/a_5.php', 'Що таке абстрактний клас? Чи можна створити екземпляр абстрактного класу? Яка різниця між абстрактним класом та інтерфейсом? Навіщо потрібний інтерфейс, якщо є абстрактний клас?', '<p><em>Абстрактний клас в об&#39;єктно-орієнтованому програмуванні - це базовий клас, який не передбачає створення екземплярів. Абстрактні класи реалізують на практиці один із принципів ООП - поліморфізм. Абстрактний клас може містити абстрактні методи якості. Абстрактний метод не реалізується для класу, в якому описаний, однак має бути реалізований для його неабстрактних нащадків. Абстрактні класи є найбільш загальні абстракції, тобто мають найбільший обсяг і найменший зміст.</em></p>\r\n\r\n<hr />\r\n<p><em>Якщо мова програмування дозволяє, то можна, наприклад, у Delphi. Але оскільки ми говоримо про РНР, то створити екземпляр абстрактного класу не можна.</em></p>\r\n\r\n<hr />\r\n<p><em>Абстрактний клас &ndash; це клас, який має хоча б 1 абстрактний (не певний) метод, що позначається як abstract. Інтерфейс - такий же абстрактний клас, тільки в ньому не може бути властивостей і не визначені тіла у методів. Крім того, що абстрактний клас успадковується (etxends), а інтерфейс реалізується (implements). Ось і виникає різниця між ними, що успадковувати ми можемо лише 1 клас, а реалізувати скільки завгодно.</em></p>\r\n\r\n<hr />\r\n<p><em>Для того, щоб можна успадковуватись тільки від одного абстрактного класу, але реалізувати безліч інтерфейсів. Плюс, як приємна доважка, всі методи, описані в інтерфейсі, повинні бути реалізовані в класі, а в абстрактному класі їх потрібно для цієї мети спеціально відзначати.</em></p>\r\n', 'Питання 5'),
(18, 4, 'pages/p_2.php', 'Опис принципу єдиної відповідальності.', '<p>Принцип єдиної відповідальності - принцип ООП, що означає, що кожен об&#39;єкт повинен мати одну відповідальність і ця відповідальність має бути повністю інкапсульована в клас. Усі його поведінки мають бути спрямовані виключно на забезпечення цієї відповідальності.</p>\r\n\r\n<p>Виникає питання, коли варто використати цей принцип? Все ж таки принцип &mdash; це не закон і SRP варто застосовувати залежно від того, як змінюється додаток:</p>\r\n\r\n<ul>\r\n	<li>якщо при зміні коду, який відповідає за одну відповідальність, у програмі з&#39;являються виправлення коду, який відповідає за іншу відповідальність, це перший сигнал про порушення SRP.</li>\r\n	<li>якщо зміни коду, що відповідає за одну відповідальність, не вносять зміни в код, який відповідає за іншу відповідальність, то цей принцип можна не застосовувати.</li>\r\n</ul>\r\n\r\n<p>Сліпе дотримання принципу єдиної відповідальності призводить до надмірної складності програми, її підтримки та тестування. SRP варто застосовувати лише тоді, коли це виправдано. Принцип SRP можна застосувати лише в тому випадку, коли:</p>\r\n\r\n<ul>\r\n	<li>об&#39;єкту класу стає дуже багато;</li>\r\n	<li>доменна логіка концентрується лише у одному класі;</li>\r\n	<li>будь-яка зміна логіки поведінки об&#39;єкта призводить до змін в інших місцях програми, де це не малося на увазі спочатку;</li>\r\n	<li>доводиться тестувати, виправляти помилки, компілювати різні місця застосування, навіть якщо їх працездатність відповідає третя сторона;</li>\r\n	<li>неможливо легко відокремити та застосувати клас в іншій сфері програми, оскільки це потягне непотрібні залежності.</li>\r\n</ul>\r\n\r\n<p>Принцип єдиної відповідальності говорить: &laquo;На кожен об&#39;єкт має бути покладено один єдиний обов&#39;язок&raquo;. Тобто. іншими словами - конкретний клас повинен вирішувати конкретне завдання - ні більше, ні менше.</p>\r\n\r\n<p>Розглянемо наступний опис класу для представлення замовлення в інтернет-магазині:</p>\r\n\r\n<pre>\r\n<kbd>class Order\r\n{\r\n    public function calculateTotalSum(){/*...*/}\r\n    public function getItems(){/*...*/}\r\n    public function getItemCount(){/*...*/}\r\n    public function addItem($item){/*...*/}\r\n    public function deleteItem($item){/*...*/}\r\n\r\n    public function printOrder(){/*...*/}\r\n    public function showOrder(){/*...*/}\r\n\r\n    public function load(){/*...*/}\r\n    public function save(){/*...*/}\r\n    public function update(){/*...*/}\r\n    public function delete(){/*...*/}\r\n}</kbd></pre>\r\n\r\n<p>Як можна побачити, даний клас виконує операцій для трьох різних типів завдань: робота з самим замовленням (<code>calculateTotalSum</code>, <code>getItems</code>, <code>getItemsCount</code>, <code>addItem</code>, <code>deleteItem</code>), відображення замовлення (<code>printOrder</code>, <code>showOrder</code>) і робота зі сховищем даних (<code>load</code>, <code>save</code>, <code>update</code>, <code>delete</code>).</p>\r\n\r\n<p>До чого це може спричинити? Це призводить до того, що у випадку, якщо ми хочемо внести зміни до методів друку або роботи сховища, ми змінюємо сам клас замовлення, що може призвести до його непрацездатності. Вирішити цю проблему варто поділом даного класу на 3 окремі класи, кожен з яких займатиметься своїм завданням.</p>\r\n\r\n<pre>\r\n<kbd>class Order\r\n{\r\n    public function calculateTotalSum(){/*...*/}\r\n    public function getItems(){/*...*/}\r\n    public function getItemCount(){/*...*/}\r\n    public function addItem($item){/*...*/}\r\n    public function deleteItem($item){/*...*/}\r\n}\r\n\r\nclass OrderRepository\r\n{\r\n    public function load($orderID){/*...*/}\r\n    public function save($order){/*...*/}\r\n    public function update($order){/*...*/}\r\n    public function delete($order){/*...*/}\r\n}\r\n\r\nclass OrderViewer\r\n{\r\n    public function printOrder($order){/*...*/}\r\n    public function showOrder($order){/*...*/}\r\n}</kbd></pre>\r\n\r\n<p>Тепер кожен клас займається своїм конкретним завданням і для кожного класу є лише одна причина для його зміни.</p>\r\n', 'Принцип єдиної відповідальності (SRP)'),
(19, 4, 'pages/p_3.php', 'Опис принципу відкритості-закритості.', '<p>Принцип відкритості/закритості повинні бути відкриті для розширення, але закриті зміни.</p>\r\n\r\n<p>Принцип відкритості/закритості означає, що програмні сутності мають бути:</p>\r\n\r\n<ul>\r\n	<li>відкриті для розширення: означає, що поведінка сутності може бути розширена шляхом створення нових типів сутностей.</li>\r\n	<li>закриті для зміни: в результаті розширення поведінки сутності, не повинні вноситись зміни до коду, який цю сутність використовує.</li>\r\n</ul>\r\n\r\n<p>Це особливо важливо у виробничому середовищі, коли зміни у вихідному коді вимагатимуть проведення перегляду коду, модульного тестування та інших подібних процедур, щоб отримати право на використання його в програмному продукті. Код, що підпорядковується цьому принципу, не змінюється під час розширення і тому вимагає таких трудовитрат.</p>\r\n\r\n<p>Термін &laquo;принцип відкритості/закритості&raquo; має два значення:</p>\r\n\r\n<ul>\r\n	<li>Принцип відкритості/закритості Мейєра</li>\r\n	<li>Поліморфний принцип відкритості/закритості</li>\r\n</ul>\r\n\r\n<p>Обидва значення використовують успадкування для вирішення дилеми, але цілі, способи та результати різні.</p>\r\n\r\n<p>Цей принцип говорить - &quot;програмні сутності повинні бути відкриті для розширення, але закриті для модифікації&quot;. На простіших словах це можна описати так - всі класи, функції і т.д. повинні проектуватися так, щоб змінити їхню поведінку, нам не потрібно було змінювати їх вихідний код.</p>\r\n\r\n<p>Розглянь на прикладі класу <code>OrderRepository</code>.</p>\r\n\r\n<pre>\r\n<kbd>class OrderRepository\r\n{\r\n    public function load($orderID)\r\n    {\r\n        $pdo = new PDO($this-&gt;config-&gt;getDsn(), $this-&gt;config-&gt;getDBUser(), $this-&gt;config-&gt;getDBPassword());\r\n        $statement = $pdo-&gt;prepare(&#39;SELECT * FROM `orders` WHERE id=:id&#39;);\r\n        $statement-&gt;execute(array(&#39;:id&#39; =&gt; $orderID));\r\n        return $query-&gt;fetchObject(&#39;Order&#39;);\r\n    }\r\n    public function save($order){/*...*/}\r\n    public function update($order){/*...*/}\r\n    public function delete($order){/*...*/}\r\n}</kbd></pre>\r\n\r\n<p>У разі сховищем ми є база даних. наприклад, MySQL. Але раптом ми захотіли підвантажувати наші дані про замовлення, наприклад через API стороннього сервера, який, припустимо, бере дані з 1С. Які зміни нам потрібно буде внести? Є кілька варіантів, наприклад, безпосередньо змінити методи класу <code>OrderRepository</code>, але цей не відповідає принципу відкритості/закритості, оскільки клас закритий для модифікації, та й внесення змін до класу, що вже добре працює, небажано. Отже, можна успадковуватися від класу <code>OrderRepository</code> і перевизначити всі методи, але це рішення не найкраще, тому що при додаванні методу <code>OrderRepository</code> нам доведеться додати аналогічні методи у всі його спадкоємці. Тому для виконання принципу відкритості/закритості краще застосувати таке рішення - створити інтерфейс IOrderSource, який буде реалізовуватися відповідними класами MySQLOrderSource, ApiOrderSource і так далі.</p>\r\n\r\n<pre>\r\n<kbd>class OrderRepository\r\n{\r\n    private $source;\r\n\r\n    public function setSource(IOrderSource $source)\r\n    {\r\n        $this-&gt;source = $source;\r\n    }\r\n\r\n    public function load($orderID)\r\n    {\r\n        return $this-&gt;source-&gt;load($orderID);\r\n    }\r\n    public function save($order){/*...*/}\r\n    public function update($order){/*...*/}\r\n}\r\n\r\ninterface IOrderSource\r\n{\r\n    public function load($orderID);\r\n    public function save($order);\r\n    public function update($order);\r\n    public function delete($order);\r\n}\r\n\r\nclass MySQLOrderSource implements IOrderSource\r\n{\r\n    public function load($orderID);\r\n    public function save($order){/*...*/}\r\n    public function update($order){/*...*/}\r\n    public function delete($order){/*...*/}\r\n}\r\n\r\nclass ApiOrderSource implements IOrderSource\r\n{\r\n    public function load($orderID);\r\n    public function save($order){/*...*/}\r\n    public function update($order){/*...*/}\r\n    public function delete($order){/*...*/}\r\n}</kbd></pre>\r\n\r\n<p>Таким чином, ми можемо змінити джерело та відповідно поведінку для класу <code>OrderRepository</code>, встановивши потрібний нам клас, що реалізує IOrderSource, без зміни класу <code>OrderRepository</code>.</p>\r\n', 'Принцип відкритості-закритості (OCP)'),
(20, 4, 'pages/p_4.php', 'Опис принципу підстановки Лісків.', '<p>Принцип підстановки Барбари Лисков в об&#39;єктно-орієнтованому програмуванні є специфічним визначенням підтипу, запропонованим Барбарою Лисков у 1987 році на конференції в основному доповіді під назвою Абстракція даних та ієрархія.</p>\r\n\r\n<p>Цей принцип є найважливішим критерієм оцінки якості прийнятих рішень при побудові ієрархій спадкування. Сформулювати його можна у вигляді простого правила: тип S буде підтипом Т тоді і тільки тоді, коли кожному об&#39;єкту oS типу S відповідає якийсь об&#39;єкт oT типу T таким чином, що для всіх програм P, реалізованих у термінах T, поведінка P не змінюватиметься, якщо oT замінити на oS.</p>\r\n\r\n<p>Простішими словами можна сказати, що поведінка спадкових класів не має суперечити поведінці, заданому базовим класом, тобто поведінка спадкових класів має бути очікуваною для коду, що використовує змінну базового типу.</p>\r\n\r\n<p>Принцип говорить - &laquo;Об&#39;єкти у програмі можуть бути замінені їх спадкоємцями без зміни властивостей програми&raquo;. Своїми словами я це сказав би так - при використанні спадкоємця класу результат виконання коду повинен бути передбачуваним і не змінювати властивостей метод.&nbsp;Приклад з ієрархією геометричних фігур та обчислення площі:</p>\r\n\r\n<pre>\r\n<kbd>class Rectangle\r\n{\r\n   protected $width;\r\n   protected $height;\r\n\r\n   public setWidth($width)\r\n   {\r\n      $this-&gt;width = $width;\r\n   }\r\n\r\n   public setHeight($height)\r\n   {\r\n      $this-&gt;height = $height;\r\n   }\r\n\r\n   public function getWidth()\r\n   {\r\n      return $this-&gt;width;\r\n   }\r\n\r\n   public function getHeight()\r\n   {\r\n      return $this-&gt;height;\r\n   }\r\n}\r\n\r\nclass Square extends Rectangle\r\n{\r\n   public setWidth($width)\r\n   {\r\n      parent::setWidth($width);\r\n      parent::setHeight($width);\r\n   }\r\n\r\n   public setHeight($height)\r\n   {\r\n      parent::setHeight($height);\r\n      parent::setWidth($height);\r\n   }\r\n}\r\n\r\nfunction calculateRectangleSquare(Rectangle $rectangle, $width, $height)\r\n{\r\n   $rectangle-&gt;setWidth($width);\r\n   $rectangle-&gt;setHeight($height);\r\n   return $rectangle-&gt;getHeight * $rectangle-&gt;getWidth;\r\n}\r\n\r\ncalculateRectangleSquare(new Rectangle, 4, 5); // 20\r\ncalculateRectangleSquare(new Square, 4, 5); // 25 ???</kbd></pre>\r\n\r\n<p>Передумови ми не використовували при виклику методів установки висоти і ширини, тоді як постумови у класі-спадкоємці ми змінили і змінили більш слабкі, чого за принципом Лисков робити було не можна.</p>\r\n\r\n<p>Ослабили ми їх ось чому. Якщо за постумову методу <code>setWidth</code> прийняти <code>(($this-&gt;width == $width) &amp;&amp; ($this-&gt;height == $oldHeight))</code> (<code>$oldHeight</code> ми надали спочатку методу <code>setWidth</code>), то ця умова не виконується в дочірньому класі і відповідно ми його послабили і принцип Лисков порушено.</p>\r\n\r\n<p>Тому, краще в рамках ООП та завдання розрахунку площі фігури не робити ієрархію &laquo;квадрат&raquo; успадковує &laquo;прямокутник&raquo;, а зробити їх як дві окремі сутності:</p>\r\n\r\n<pre>\r\n<kbd>class Rectangle\r\n{\r\n   protected $width;\r\n   protected $height;\r\n\r\n   public setWidth($width)\r\n   {\r\n      $this-&gt;width = $width;\r\n   }\r\n\r\n   public setHeight($height)\r\n   {\r\n      $this-&gt;height = $height;\r\n   }\r\n\r\n   public function getWidth()\r\n   {\r\n      return $this-&gt;width;\r\n   }\r\n\r\n   public function getHeight()\r\n   {\r\n      return $this-&gt;height;\r\n   }\r\n}\r\n\r\nclass Square\r\n{\r\n   protected $size;\r\n   \r\n   public setSize($size)\r\n   {\r\n      $this-&gt;size = $size;\r\n   }\r\n\r\n   public function getSize()\r\n   {\r\n      return $this-&gt;size;\r\n   }\r\n}</kbd></pre>\r\n\r\n<p>Хороший реальний приклад недотримання принципу Ліскоу та рішення, прийнятого у зв&#39;язку з цим, розглянутий у книзі Роберта Мартіна &laquo;Швидка розробка програм&raquo; у розділі &laquo;Принцип підстановки Ліскоу. Реальний приклад&raquo;.</p>\r\n', 'Принцип підстановки Лісків (LSP)'),
(21, 4, 'pages/p_5.php', 'Опис принципу поділу інтерфейсу.', '<p>Цей принцип говорить, що &laquo;Багато спеціалізованих інтерфейсів краще, ніж один універсальний&raquo;<br />\r\nДотримання цього принципу необхідно для того, щоб класи-клієнти використовуючий/реалізуючий інтерфейс знали тільки про ті методи, які вони використовують, що веде до зменшення кількості коду, що не використовується.</p>\r\n\r\n<p>Повернемося до прикладу, з інтернет-магазином. Припустимо, наші товари можуть мати промокод, знижку, у них є якась ціна, стан і т.д. Якщо це одяг то для неї встановлюється з якого матеріалу, колір і розмір.</p>\r\n\r\n<p>Опишемо наступний інтерфейс:</p>\r\n\r\n<pre>\r\n<kbd>interface IItem\r\n{\r\n    public function applyDiscount($discount);\r\n    public function applyPromocode($promocode);\r\n\r\n    public function setColor($color);\r\n    public function setSize($size);\r\n\r\n    public function setCondition($condition);\r\n    public function setPrice($price);\r\n}</kbd></pre>\r\n\r\n<p>Цей інтерфейс поганий тим, що він включає дуже багато методів. А якщо наш клас товарів не може мати знижок або промокодів, або для нього немає сенсу встановлювати матеріал з якого зроблено (наприклад, для книг). Таким чином, щоб не реалізовувати в кожному класі методи, що не використовуються в ньому, краще розбити інтерфейс на кілька дрібних і кожним конкретним класом реалізовувати потрібні інтерфейси.</p>\r\n\r\n<pre>\r\n<kbd>interface IItem\r\n{\r\n    public function setCondition($condition);\r\n    public function setPrice($price);\r\n}\r\n\r\ninterface IClothes\r\n{\r\n    public function setColor($color);\r\n    public function setSize($size);\r\n    public function setMaterial($material);\r\n}\r\n\r\ninterface IDiscountable\r\n{\r\n    public function applyDiscount($discount);\r\n    public function applyPromocode($promocode);\r\n}\r\n\r\nclass Book implemets IItem, IDiscountable\r\n{\r\n    public function setCondition($condition){/*...*/}\r\n    public function setPrice($price){/*...*/}\r\n    public function applyDiscount($discount){/*...*/}\r\n    public function applyPromocode($promocode){/*...*/}\r\n}\r\n\r\nclass KidsClothes implemets IItem, IClothes\r\n{\r\n    public function setCondition($condition){/*...*/}\r\n    public function setPrice($price){/*...*/}\r\n    public function setColor($color){/*...*/}\r\n    public function setSize($size){/*...*/}\r\n    public function setMaterial($material){/*...*/}\r\n}</kbd></pre>\r\n\r\n<p>Принцип поділу інтерфейсів говорить про те, що занадто «товсті» інтерфейси необхідно розділяти на більш маленькі та специфічні, щоб програмні сутності маленьких інтерфейсів знали лише про методи, які їм необхідні в роботі. У результаті, за зміни методу інтерфейсу нічого не винні змінюватися програмні сутності, які цей метод використовують.</p>\r\n', 'Принцип поділу інтерфейсу (ISP)'),
(22, 4, 'pages/p_6.php', 'Опис принципу інверсії залежностей.', '<p>Принцип говорить: &laquo;Залежності всередині системи будуються на основі абстракцій. Модулі верхнього рівня не залежать від модулів нижнього рівня. Абстракції не повинні залежати від деталей. Деталі мають залежати від абстракцій&raquo;. Це визначення можна скоротити &mdash; &laquo;залежності мають будуватися щодо абстракцій, а не деталей&raquo;.</p>\r\n\r\n<p>Наприклад розглянемо оплату замовлення покупцем.</p>\r\n\r\n<pre>\r\n<kbd>class Customer\r\n{\r\n    private $currentOrder = null;\r\n\r\n    public function buyItems()\r\n    {\r\n        if(is_null($this-&gt;currentOrder)){\r\n            return false;\r\n        }\r\n\r\n        $processor = new OrderProcessor();\r\n        return $processor-&gt;checkout($this-&gt;currentOrder);\r\n    }\r\n\r\n    public function addItem($item){\r\n        if(is_null($this-&gt;currentOrder)){\r\n            $this-&gt;currentOrder = new Order();\r\n        }\r\n        return $this-&gt;currentOrder-&gt;addItem($item);\r\n    }\r\n    public function deleteItem($item){\r\n        if(is_null($this-&gt;currentOrder)){\r\n            return false;\r\n        }\r\n        return $this-&gt;currentOrder -&gt;deleteItem($item);\r\n    }\r\n}\r\n\r\nclass OrderProcessor\r\n{\r\n    public function checkout($order){/*...*/}\r\n}</kbd></pre>\r\n\r\n<p>Все здається цілком логічним та закономірним. Але є одна проблема - клас <code>Customer</code> залежить від класу <code>OrderProcessor</code> (мало того, не виконується принцип відкритості/закритості).<br />\r\nЩоб позбутися залежності від конкретного класу, треба зробити так щоб <code>Customer</code> залежав від абстракції, тобто. від інтерфейсу <code>IOrderProcessor</code>. Цю залежність можна впровадити через сеттери, параметри методу або <code>Dependency Injection</code> контейнера. Але якщо зупинитися на 2 методі отримаємо наступний код.</p>\r\n\r\n<pre>\r\n<kbd>class Customer\r\n{\r\n    private $currentOrder = null;\r\n\r\n    public function buyItems(IOrderProcessor $processor)\r\n    {\r\n        if(is_null($this-&gt;currentOrder)){\r\n            return false;\r\n        }\r\n\r\n        return $processor-&gt;checkout($this-&gt;currentOrder);\r\n    }\r\n\r\n    public function addItem($item){\r\n        if(is_null($this-&gt;currentOrder)){\r\n            $this-&gt;currentOrder = new Order();\r\n        }\r\n        return $this-&gt;currentOrder-&gt;addItem($item);\r\n    }\r\n    public function deleteItem($item){\r\n        if(is_null($this-&gt;currentOrder)){\r\n            return false;\r\n        }\r\n        return $this-&gt;currentOrder -&gt;deleteItem($item);\r\n    }\r\n}\r\n\r\ninterface IOrderProcessor\r\n{\r\n    public function checkout($order);\r\n}\r\n\r\nclass OrderProcessor implements IOrderProcessor\r\n{\r\n    public function checkout($order){/*...*/}\r\n}</kbd></pre>\r\n\r\n<p>Отже, клас <code>Customer</code> тепер залежить від абстракції, а конкретну реалізацію, тобто. деталі, йому не такі важливі.</p>\r\n', 'Принцип інверсії залежностей (DIP)');

-- --------------------------------------------------------

--
-- Table structure for table `comments`
--

CREATE TABLE `comments` (
  `id` int(11) NOT NULL,
  `id_page` varchar(11) NOT NULL,
  `id_user` varchar(11) NOT NULL,
  `comment` varchar(150) NOT NULL,
  `create_datetime` datetime NOT NULL
) ENGINE=InnoDB DEFAULT CHARSET=utf8;

--
-- Dumping data for table `comments`
--

INSERT INTO `comments` (`id`, `id_page`, `id_user`, `comment`, `create_datetime`) VALUES
(41, '2', '16', 'lo', '2022-06-15 19:10:43'),
(42, '2', '16', '123', '2022-06-15 19:10:53'),
(44, '2', '16', '212', '2022-06-15 19:14:41'),
(45, '2', '16', '234234', '2022-06-15 19:14:50'),
(65, '2', '16', '234234', '2022-06-17 14:11:54'),
(68, '1', '16', '123123123', '2022-06-17 14:12:51'),
(69, '1', '16', '345345', '2022-06-17 14:12:54'),
(74, '6', '16', 'very class\r\n', '2022-06-17 14:22:02'),
(76, '7', '16', 'very beeed', '2022-06-17 14:23:38'),
(78, '8', '16', ' ❤ ❤ ❤', '2022-06-17 14:25:01'),
(79, '9', '16', 'sdsdsd', '2022-06-17 14:32:57'),
(84, '4', '16', '23123', '2022-06-17 14:45:07'),
(85, '3', '16', 'Доступ protected. Нарешті, коли ви оголошує властивість або метод protected, до них може звертатися той же клас, який їх визначив, або класи, які успа', '2022-06-17 20:37:39'),
(87, '10', '16', 'ауацаыаыацфыа', '2022-06-17 20:42:03'),
(88, '11', '16', 'rtertetetetetet', '2022-06-17 20:43:32'),
(89, '15', '16', 'rtrtrt', '2022-06-17 20:43:48');

-- --------------------------------------------------------

--
-- Table structure for table `likes`
--

CREATE TABLE `likes` (
  `id` int(11) NOT NULL,
  `user_id` int(11) NOT NULL,
  `page_id` int(11) NOT NULL,
  `rating_action` varchar(30) DEFAULT NULL
) ENGINE=InnoDB DEFAULT CHARSET=utf8;

--
-- Dumping data for table `likes`
--

INSERT INTO `likes` (`id`, `user_id`, `page_id`, `rating_action`) VALUES
(113, 24, 1, 'like'),
(114, 25, 1, 'dislike'),
(115, 23, 1, 'like'),
(143, 27, 1, 'dislike'),
(146, 28, 1, 'like'),
(157, 16, 2, 'like'),
(158, 26, 1, 'like'),
(159, 16, 1, 'like'),
(160, 29, 1, 'like'),
(162, 16, 6, 'like'),
(163, 16, 7, 'dislike'),
(164, 16, 8, 'like'),
(165, 16, 9, 'like'),
(166, 16, 3, 'like'),
(167, 16, 21, 'like'),
(168, 16, 10, 'like'),
(169, 16, 4, 'like'),
(170, 16, 12, 'like'),
(172, 16, 18, 'like'),
(173, 16, 19, 'like'),
(174, 16, 20, 'like'),
(175, 16, 22, 'like'),
(177, 16, 17, 'like'),
(178, 16, 5, 'like'),
(179, 16, 14, 'like'),
(180, 16, 15, 'like'),
(181, 16, 16, 'like'),
(182, 16, 11, 'like');

-- --------------------------------------------------------

--
-- Table structure for table `nav_bar`
--

CREATE TABLE `nav_bar` (
  `id` int(11) NOT NULL,
  `name` varchar(255) NOT NULL,
  `page` varchar(255) NOT NULL
) ENGINE=InnoDB DEFAULT CHARSET=utf8;

--
-- Dumping data for table `nav_bar`
--

INSERT INTO `nav_bar` (`id`, `name`, `page`) VALUES
(1, 'Головна', 'pages/index.php'),
(2, 'Вступ', 'pages/introduction.php'),
(3, 'Три «кити»‎ ООП', 'pages/three_whales.php'),
(4, 'SOLID', 'pages/solid.php'),
(5, 'Питання-відповіді', 'pages/questions.php');

-- --------------------------------------------------------

--
-- Table structure for table `roles`
--

CREATE TABLE `roles` (
  `id` int(11) NOT NULL,
  `name` varchar(50) NOT NULL
) ENGINE=InnoDB DEFAULT CHARSET=utf8;

--
-- Dumping data for table `roles`
--

INSERT INTO `roles` (`id`, `name`) VALUES
(1, 'user'),
(2, 'admin');

-- --------------------------------------------------------

--
-- Table structure for table `users`
--

CREATE TABLE `users` (
  `id` int(11) NOT NULL,
  `username` varchar(50) NOT NULL,
  `email` varchar(50) NOT NULL,
  `password` varchar(50) NOT NULL,
  `create_datetime` datetime NOT NULL,
  `role_id` int(11) NOT NULL DEFAULT 1
) ENGINE=InnoDB DEFAULT CHARSET=utf8;

--
-- Dumping data for table `users`
--

INSERT INTO `users` (`id`, `username`, `email`, `password`, `create_datetime`, `role_id`) VALUES
(16, 'denchik_house', 'my.chahalyan@gmail.com', 'f5bb0c8de146c67b44babbf4e6584cc0', '2022-06-08 15:54:52', 2),
(17, 'denchik_house3', 'my.chahalyan@gmail.com4', 'f5bb0c8de146c67b44babbf4e6584cc0', '2022-06-08 17:46:18', 1),
(18, 'denchik_house4', 'my.chahalyan@gm4ail.com', 'f5bb0c8de146c67b44babbf4e6584cc0', '2022-06-08 17:48:14', 1),
(19, 'denchik_house8', 'my.chahalyan@gmail.com123', 'f5bb0c8de146c67b44babbf4e6584cc0', '2022-06-08 17:49:23', 1),
(20, 'denchik_house87', 'my.chahalyan@gmail.com1234', 'bff3ef46cbb1119c2ff99b549993f68a', '2022-06-08 17:50:19', 1),
(21, 'denchik_house2342', 'my.chahalyan@gmail.com12423', 'ffa61acbd53470895d6952e5419bcca8', '2022-06-08 17:51:21', 1),
(22, 'denchik_house23543234', 'my.chahalyan@gmail.com4234234', '61b80f94cdd6d632f7bc38fd9ed91d9c', '2022-06-08 17:51:49', 1),
(23, 'denchik_house2', 'mr.chahalyan@mail.ru', 'f5bb0c8de146c67b44babbf4e6584cc0', '2022-06-11 14:34:39', 1),
(24, 'snova.halloween', 'my.chahalyan2@gmail.com', 'f5bb0c8de146c67b44babbf4e6584cc0', '2022-06-15 16:31:18', 1),
(25, '959393675', 'chahaljan22@mail.ru', 'f5bb0c8de146c67b44babbf4e6584cc0', '2022-06-15 16:31:50', 1),
(26, 'denchik_house12', 'mr.chah22alyan@mail.ru', 'f5bb0c8de146c67b44babbf4e6584cc0', '2022-06-15 16:32:43', 2),
(27, 'denchik_house22', 'my.chahalyan22@gmail.com', 'f5bb0c8de146c67b44babbf4e6584cc0', '2022-06-15 16:46:29', 1),
(28, 'denchik_house111', 'my.chahalyan111@gmail.com', 'f5bb0c8de146c67b44babbf4e6584cc0', '2022-06-15 17:38:51', 1),
(29, 'dasha', 'mydasha@gmail.com', 'f5bb0c8de146c67b44babbf4e6584cc0', '2022-06-16 21:46:56', 2);

--
-- Indexes for dumped tables
--

--
-- Indexes for table `chapters`
--
ALTER TABLE `chapters`
  ADD PRIMARY KEY (`id`);

--
-- Indexes for table `comments`
--
ALTER TABLE `comments`
  ADD PRIMARY KEY (`id`);

--
-- Indexes for table `likes`
--
ALTER TABLE `likes`
  ADD PRIMARY KEY (`id`);

--
-- Indexes for table `nav_bar`
--
ALTER TABLE `nav_bar`
  ADD PRIMARY KEY (`id`);

--
-- Indexes for table `roles`
--
ALTER TABLE `roles`
  ADD PRIMARY KEY (`id`);

--
-- Indexes for table `users`
--
ALTER TABLE `users`
  ADD PRIMARY KEY (`id`);

--
-- AUTO_INCREMENT for dumped tables
--

--
-- AUTO_INCREMENT for table `chapters`
--
ALTER TABLE `chapters`
  MODIFY `id` int(11) NOT NULL AUTO_INCREMENT, AUTO_INCREMENT=23;

--
-- AUTO_INCREMENT for table `comments`
--
ALTER TABLE `comments`
  MODIFY `id` int(11) NOT NULL AUTO_INCREMENT, AUTO_INCREMENT=90;

--
-- AUTO_INCREMENT for table `likes`
--
ALTER TABLE `likes`
  MODIFY `id` int(11) NOT NULL AUTO_INCREMENT, AUTO_INCREMENT=183;

--
-- AUTO_INCREMENT for table `nav_bar`
--
ALTER TABLE `nav_bar`
  MODIFY `id` int(11) NOT NULL AUTO_INCREMENT, AUTO_INCREMENT=6;

--
-- AUTO_INCREMENT for table `roles`
--
ALTER TABLE `roles`
  MODIFY `id` int(11) NOT NULL AUTO_INCREMENT, AUTO_INCREMENT=3;

--
-- AUTO_INCREMENT for table `users`
--
ALTER TABLE `users`
  MODIFY `id` int(11) NOT NULL AUTO_INCREMENT, AUTO_INCREMENT=30;
COMMIT;

/*!40101 SET CHARACTER_SET_CLIENT=@OLD_CHARACTER_SET_CLIENT */;
/*!40101 SET CHARACTER_SET_RESULTS=@OLD_CHARACTER_SET_RESULTS */;
/*!40101 SET COLLATION_CONNECTION=@OLD_COLLATION_CONNECTION */;
